Time,X(nT),Y(nT),Z(nT),F(nT),Ob_code
2021-01-01 00:00:00,38117.54,-2700.18,-12827.63,40308.71,GAN
2021-01-01 00:01:00,38117.62,-2700.10,-12827.57,40308.81,GAN
2021-01-01 00:02:00,38117.82,-2700.13,-12827.50,40308.99,GAN
2021-01-01 00:03:00,38117.97,-2700.08,-12827.42,40309.13,GAN
2021-01-01 00:04:00,38117.93,-2700.03,-12827.41,40309.08,GAN
2021-01-01 00:05:00,38118.03,-2700.07,-12827.46,40309.18,GAN
2021-01-01 00:06:00,38117.97,-2700.17,-12827.53,40309.16,GAN
2021-01-01 00:07:00,38117.63,-2700.27,-12827.70,40308.80,GAN
2021-01-01 00:08:00,38117.56,-2700.16,-12827.76,40308.77,GAN
2021-01-01 00:09:00,38117.59,-2699.98,-12827.81,40308.83,GAN
2021-01-01 00:10:00,38117.72,-2699.75,-12827.78,40308.89,GAN
2021-01-01 00:11:00,38117.68,-2699.63,-12827.84,40308.82,GAN
2021-01-01 00:12:00,38117.69,-2699.58,-12827.85,40308.91,GAN
2021-01-01 00:13:00,38117.64,-2699.63,-12827.90,40308.84,GAN
2021-01-01 00:14:00,38117.75,-2699.66,-12827.88,40308.91,GAN
2021-01-01 00:15:00,38117.69,-2699.59,-12827.91,40308.91,GAN
2021-01-01 00:16:00,38117.80,-2699.63,-12827.90,40308.99,GAN
2021-01-01 00:17:00,38117.74,-2699.81,-12827.92,40308.97,GAN
2021-01-01 00:18:00,38117.70,-2699.88,-12827.99,40308.98,GAN
2021-01-01 00:19:00,38117.82,-2700.03,-12827.98,40309.12,GAN
2021-01-01 00:20:00,38117.85,-2700.16,-12827.98,40309.16,GAN
2021-01-01 00:21:00,38118.00,-2700.35,-12827.99,40309.17,GAN
2021-01-01 00:22:00,38117.97,-2700.54,-12828.02,40309.23,GAN
2021-01-01 00:23:00,38117.82,-2700.78,-12828.07,40309.20,GAN
2021-01-01 00:24:00,38117.87,-2700.99,-12828.10,40309.27,GAN
2021-01-01 00:25:00,38117.81,-2701.02,-12828.21,40309.24,GAN
2021-01-01 00:26:00,38117.79,-2701.02,-12828.22,40309.24,GAN
2021-01-01 00:27:00,38117.81,-2701.01,-12828.25,40309.25,GAN
2021-01-01 00:28:00,38117.85,-2701.01,-12828.27,40309.24,GAN
2021-01-01 00:29:00,38117.97,-2700.96,-12828.27,40309.38,GAN
2021-01-01 00:30:00,38118.04,-2700.99,-12828.30,40309.44,GAN
2021-01-01 00:31:00,38118.10,-2701.03,-12828.28,40309.47,GAN
2021-01-01 00:32:00,38118.17,-2701.04,-12828.28,40309.60,GAN
2021-01-01 00:33:00,38118.22,-2701.06,-12828.26,40309.65,GAN
2021-01-01 00:34:00,38118.25,-2701.07,-12828.27,40309.67,GAN
2021-01-01 00:35:00,38118.28,-2701.07,-12828.29,40309.67,GAN
2021-01-01 00:36:00,38118.31,-2701.06,-12828.28,40309.72,GAN
2021-01-01 00:37:00,38118.29,-2701.04,-12828.32,40309.74,GAN
2021-01-01 00:38:00,38118.39,-2701.03,-12828.30,40309.75,GAN
2021-01-01 00:39:00,38118.38,-2700.99,-12828.33,40309.77,GAN
2021-01-01 00:40:00,38118.27,-2700.94,-12828.36,40309.71,GAN
2021-01-01 00:41:00,38118.16,-2700.93,-12828.46,40309.65,GAN
2021-01-01 00:42:00,38118.18,-2700.93,-12828.49,40309.65,GAN
2021-01-01 00:43:00,38118.27,-2700.96,-12828.44,40309.75,GAN
2021-01-01 00:44:00,38118.31,-2701.00,-12828.45,40309.80,GAN
2021-01-01 00:45:00,38118.33,-2701.01,-12828.48,40309.80,GAN
2021-01-01 00:46:00,38118.23,-2701.03,-12828.52,40309.75,GAN
2021-01-01 00:47:00,38118.14,-2700.98,-12828.62,40309.66,GAN
2021-01-01 00:48:00,38118.09,-2701.02,-12828.63,40309.66,GAN
2021-01-01 00:49:00,38118.18,-2700.91,-12828.65,40309.65,GAN
2021-01-01 00:50:00,38118.20,-2700.86,-12828.62,40309.72,GAN
2021-01-01 00:51:00,38118.25,-2700.76,-12828.62,40309.76,GAN
2021-01-01 00:52:00,38118.20,-2700.66,-12828.66,40309.68,GAN
2021-01-01 00:53:00,38118.13,-2700.55,-12828.72,40309.68,GAN
2021-01-01 00:54:00,38118.11,-2700.52,-12828.72,40309.69,GAN
2021-01-01 00:55:00,38118.12,-2700.43,-12828.75,40309.67,GAN
2021-01-01 00:56:00,38118.13,-2700.30,-12828.73,40309.66,GAN
2021-01-01 00:57:00,38118.08,-2700.19,-12828.72,40309.62,GAN
2021-01-01 00:58:00,38118.07,-2700.06,-12828.76,40309.60,GAN
2021-01-01 00:59:00,38118.01,-2699.95,-12828.76,40309.54,GAN
2021-01-01 01:00:00,38117.96,-2699.81,-12828.76,40309.51,GAN
2021-01-01 01:01:00,38117.94,-2699.59,-12828.81,40309.49,GAN
2021-01-01 01:02:00,38117.89,-2699.46,-12828.78,40309.41,GAN
2021-01-01 01:03:00,38117.87,-2699.38,-12828.82,40309.28,GAN
2021-01-01 01:04:00,38117.81,-2699.20,-12828.85,40309.31,GAN
2021-01-01 01:05:00,38117.77,-2699.02,-12828.91,40309.21,GAN
2021-01-01 01:06:00,38117.71,-2698.89,-12828.90,40309.20,GAN
2021-01-01 01:07:00,38117.65,-2698.67,-12828.96,40309.17,GAN
2021-01-01 01:08:00,38117.63,-2698.49,-12828.99,40309.10,GAN
2021-01-01 01:09:00,38117.55,-2698.33,-12829.04,40309.02,GAN
2021-01-01 01:10:00,38117.44,-2698.18,-12829.08,40308.94,GAN
2021-01-01 01:11:00,38117.34,-2698.05,-12829.16,40308.87,GAN
2021-01-01 01:12:00,38117.22,-2697.88,-12829.23,40308.75,GAN
2021-01-01 01:13:00,38117.10,-2697.72,-12829.29,40308.67,GAN
2021-01-01 01:14:00,38117.10,-2697.59,-12829.36,40308.64,GAN
2021-01-01 01:15:00,38117.06,-2697.56,-12829.40,40308.64,GAN
2021-01-01 01:16:00,38117.05,-2697.58,-12829.44,40308.65,GAN
2021-01-01 01:17:00,38116.99,-2697.68,-12829.48,40308.61,GAN
2021-01-01 01:18:00,38116.99,-2697.78,-12829.54,40308.63,GAN
2021-01-01 01:19:00,38116.93,-2697.89,-12829.65,40308.66,GAN
2021-01-01 01:20:00,38116.96,-2697.95,-12829.71,40308.69,GAN
2021-01-01 01:21:00,38116.99,-2698.02,-12829.80,40308.68,GAN
2021-01-01 01:22:00,38116.92,-2698.05,-12829.90,40308.61,GAN
2021-01-01 01:23:00,38116.83,-2698.07,-12830.02,40308.63,GAN
2021-01-01 01:24:00,38116.83,-2698.17,-12830.10,40308.64,GAN
2021-01-01 01:25:00,38116.78,-2698.20,-12830.25,40308.65,GAN
2021-01-01 01:26:00,38116.55,-2698.18,-12830.36,40308.55,GAN
2021-01-01 01:27:00,38116.37,-2698.23,-12830.54,40308.43,GAN
2021-01-01 01:28:00,38116.25,-2698.29,-12830.65,40308.39,GAN
2021-01-01 01:29:00,38116.11,-2698.36,-12830.80,40308.36,GAN
2021-01-01 01:30:00,38116.04,-2698.43,-12830.89,40308.30,GAN
2021-01-01 01:31:00,38115.93,-2698.63,-12831.07,40308.21,GAN
2021-01-01 01:32:00,38115.85,-2698.87,-12831.22,40308.26,GAN
2021-01-01 01:33:00,38115.77,-2699.06,-12831.35,40308.24,GAN
2021-01-01 01:34:00,38115.72,-2699.27,-12831.47,40308.20,GAN
2021-01-01 01:35:00,38115.61,-2699.41,-12831.60,40308.22,GAN
2021-01-01 01:36:00,38115.56,-2699.65,-12831.67,40308.16,GAN
2021-01-01 01:37:00,38115.51,-2699.86,-12831.80,40308.17,GAN
2021-01-01 01:38:00,38115.42,-2700.04,-12831.95,40308.10,GAN
2021-01-01 01:39:00,38115.27,-2700.27,-12832.07,40308.06,GAN
2021-01-01 01:40:00,38115.10,-2700.46,-12832.26,40307.96,GAN
2021-01-01 01:41:00,38115.02,-2700.65,-12832.42,40307.88,GAN
2021-01-01 01:42:00,38114.88,-2700.79,-12832.55,40307.86,GAN
2021-01-01 01:43:00,38114.82,-2700.93,-12832.68,40307.83,GAN
2021-01-01 01:44:00,38114.71,-2701.07,-12832.74,40307.76,GAN
2021-01-01 01:45:00,38114.58,-2701.29,-12832.87,40307.66,GAN
2021-01-01 01:46:00,38114.45,-2701.45,-12833.03,40307.65,GAN
2021-01-01 01:47:00,38114.31,-2701.64,-12833.21,40307.59,GAN
2021-01-01 01:48:00,38114.14,-2701.73,-12833.34,40307.48,GAN
2021-01-01 01:49:00,38113.97,-2701.85,-12833.41,40307.37,GAN
2021-01-01 01:50:00,38113.96,-2701.95,-12833.48,40307.36,GAN
2021-01-01 01:51:00,38113.91,-2702.07,-12833.58,40307.36,GAN
2021-01-01 01:52:00,38113.75,-2702.30,-12833.70,40307.23,GAN
2021-01-01 01:53:00,38113.66,-2702.37,-12833.80,40307.19,GAN
2021-01-01 01:54:00,38113.51,-2702.40,-12833.90,40307.10,GAN
2021-01-01 01:55:00,38113.40,-2702.53,-12833.94,40307.00,GAN
2021-01-01 01:56:00,38113.30,-2702.72,-12834.12,40307.01,GAN
2021-01-01 01:57:00,38113.16,-2702.85,-12834.24,40306.88,GAN
2021-01-01 01:58:00,38113.11,-2702.91,-12834.32,40306.89,GAN
2021-01-01 01:59:00,38113.08,-2703.01,-12834.40,40306.84,GAN
2021-01-01 02:00:00,38112.98,-2703.07,-12834.45,40306.82,GAN
2021-01-01 02:01:00,38112.87,-2703.23,-12834.50,40306.77,GAN
2021-01-01 02:02:00,38112.80,-2703.40,-12834.56,40306.70,GAN
2021-01-01 02:03:00,38112.78,-2703.57,-12834.62,40306.68,GAN
2021-01-01 02:04:00,38112.78,-2703.58,-12834.62,40306.75,GAN
2021-01-01 02:05:00,38112.72,-2703.74,-12834.65,40306.72,GAN
2021-01-01 02:06:00,38112.71,-2703.83,-12834.70,40306.69,GAN
2021-01-01 02:07:00,38112.67,-2703.91,-12834.73,40306.69,GAN
2021-01-01 02:08:00,38112.61,-2703.93,-12834.74,40306.66,GAN
2021-01-01 02:09:00,38112.53,-2703.95,-12834.78,40306.58,GAN
2021-01-01 02:10:00,38112.43,-2704.01,-12834.86,40306.50,GAN
2021-01-01 02:11:00,38112.34,-2704.03,-12834.88,40306.41,GAN
2021-01-01 02:12:00,38112.20,-2704.06,-12834.96,40306.31,GAN
2021-01-01 02:13:00,38112.08,-2704.11,-12835.03,40306.19,GAN
2021-01-01 02:14:00,38111.99,-2704.18,-12835.03,40306.15,GAN
2021-01-01 02:15:00,38111.95,-2704.24,-12835.05,40306.09,GAN
2021-01-01 02:16:00,38111.83,-2704.25,-12835.08,40305.99,GAN
2021-01-01 02:17:00,38111.73,-2704.27,-12835.09,40305.89,GAN
2021-01-01 02:18:00,38111.54,-2704.20,-12835.13,40305.72,GAN
2021-01-01 02:19:00,38111.42,-2704.11,-12835.16,40305.60,GAN
2021-01-01 02:20:00,38111.28,-2704.21,-12835.21,40305.49,GAN
2021-01-01 02:21:00,38111.23,-2704.19,-12835.21,40305.50,GAN
2021-01-01 02:22:00,38111.22,-2704.19,-12835.16,40305.51,GAN
2021-01-01 02:23:00,38111.18,-2704.16,-12835.11,40305.43,GAN
2021-01-01 02:24:00,38111.09,-2704.30,-12835.08,40305.37,GAN
2021-01-01 02:25:00,38111.01,-2704.32,-12835.12,40305.33,GAN
2021-01-01 02:26:00,38110.87,-2704.36,-12835.13,40305.12,GAN
2021-01-01 02:27:00,38110.77,-2704.45,-12835.13,40305.07,GAN
2021-01-01 02:28:00,38110.60,-2704.50,-12835.14,40304.95,GAN
2021-01-01 02:29:00,38110.49,-2704.65,-12835.12,40304.84,GAN
2021-01-01 02:30:00,38110.25,-2704.62,-12835.20,40304.56,GAN
2021-01-01 02:31:00,38109.99,-2704.65,-12835.24,40304.30,GAN
2021-01-01 02:32:00,38109.68,-2704.61,-12835.31,40304.08,GAN
2021-01-01 02:33:00,38109.52,-2704.70,-12835.34,40303.92,GAN
2021-01-01 02:34:00,38109.41,-2704.76,-12835.35,40303.82,GAN
2021-01-01 02:35:00,38109.36,-2704.86,-12835.26,40303.78,GAN
2021-01-01 02:36:00,38109.39,-2704.98,-12835.19,40303.77,GAN
2021-01-01 02:37:00,38109.36,-2705.02,-12835.16,40303.75,GAN
2021-01-01 02:38:00,38109.30,-2705.19,-12835.08,40303.70,GAN
2021-01-01 02:39:00,38109.33,-2705.37,-12835.00,40303.72,GAN
2021-01-01 02:40:00,38109.35,-2705.49,-12834.94,40303.70,GAN
2021-01-01 02:41:00,38109.31,-2705.56,-12834.86,40303.66,GAN
2021-01-01 02:42:00,38109.34,-2705.71,-12834.83,40303.61,GAN
2021-01-01 02:43:00,38109.38,-2705.82,-12834.75,40303.68,GAN
2021-01-01 02:44:00,38109.41,-2705.91,-12834.67,40303.70,GAN
2021-01-01 02:45:00,38109.43,-2706.00,-12834.55,40303.69,GAN
2021-01-01 02:46:00,38109.38,-2706.10,-12834.48,40303.65,GAN
2021-01-01 02:47:00,38109.36,-2706.17,-12834.47,40303.65,GAN
2021-01-01 02:48:00,38109.34,-2706.21,-12834.44,40303.58,GAN
2021-01-01 02:49:00,38109.35,-2706.27,-12834.42,40303.62,GAN
2021-01-01 02:50:00,38109.43,-2706.34,-12834.30,40303.67,GAN
2021-01-01 02:51:00,38109.52,-2706.43,-12834.19,40303.74,GAN
2021-01-01 02:52:00,38109.57,-2706.48,-12834.08,40303.78,GAN
2021-01-01 02:53:00,38109.58,-2706.63,-12834.01,40303.77,GAN
2021-01-01 02:54:00,38109.70,-2706.73,-12833.91,40303.76,GAN
2021-01-01 02:55:00,38109.73,-2706.75,-12833.85,40303.81,GAN
2021-01-01 02:56:00,38109.68,-2706.74,-12833.84,40303.76,GAN
2021-01-01 02:57:00,38109.57,-2706.73,-12833.76,40303.71,GAN
2021-01-01 02:58:00,38109.57,-2706.70,-12833.71,40303.68,GAN
2021-01-01 02:59:00,38109.56,-2706.72,-12833.67,40303.65,GAN
2021-01-01 03:00:00,38109.84,-2706.83,-12833.49,40303.84,GAN
2021-01-01 03:01:00,38110.12,-2706.96,-12833.37,40304.00,GAN
2021-01-01 03:02:00,38110.25,-2706.80,-12833.26,40304.17,GAN
2021-01-01 03:03:00,38110.34,-2706.90,-12833.13,40304.25,GAN
2021-01-01 03:04:00,38110.51,-2706.98,-12833.00,40304.31,GAN
2021-01-01 03:05:00,38110.61,-2707.06,-12832.91,40304.39,GAN
2021-01-01 03:06:00,38110.64,-2707.09,-12832.83,40304.45,GAN
2021-01-01 03:07:00,38110.61,-2707.08,-12832.79,40304.37,GAN
2021-01-01 03:08:00,38110.55,-2707.07,-12832.75,40304.31,GAN
2021-01-01 03:09:00,38110.57,-2707.04,-12832.73,40304.35,GAN
2021-01-01 03:10:00,38110.61,-2707.09,-12832.72,40304.37,GAN
2021-01-01 03:11:00,38110.63,-2707.09,-12832.68,40304.38,GAN
2021-01-01 03:12:00,38110.66,-2707.10,-12832.59,40304.39,GAN
2021-01-01 03:13:00,38110.72,-2707.18,-12832.56,40304.41,GAN
2021-01-01 03:14:00,38110.82,-2707.26,-12832.50,40304.46,GAN
2021-01-01 03:15:00,38110.91,-2707.31,-12832.43,40304.58,GAN
2021-01-01 03:16:00,38111.08,-2707.44,-12832.34,40304.74,GAN
2021-01-01 03:17:00,38111.25,-2707.54,-12832.29,40304.82,GAN
2021-01-01 03:18:00,38111.43,-2707.72,-12832.21,40305.00,GAN
2021-01-01 03:19:00,38111.56,-2707.79,-12832.13,40305.16,GAN
2021-01-01 03:20:00,38111.74,-2707.86,-12832.07,40305.23,GAN
2021-01-01 03:21:00,38111.91,-2707.91,-12831.98,40305.35,GAN
2021-01-01 03:22:00,38112.05,-2708.03,-12831.88,40305.47,GAN
2021-01-01 03:23:00,38112.17,-2708.10,-12831.79,40305.59,GAN
2021-01-01 03:24:00,38112.26,-2708.05,-12831.75,40305.68,GAN
2021-01-01 03:25:00,38112.35,-2708.11,-12831.70,40305.68,GAN
2021-01-01 03:26:00,38112.38,-2708.12,-12831.69,40305.73,GAN
2021-01-01 03:27:00,38112.46,-2708.10,-12831.63,40305.71,GAN
2021-01-01 03:28:00,38112.41,-2708.00,-12831.58,40305.69,GAN
2021-01-01 03:29:00,38112.47,-2708.01,-12831.53,40305.76,GAN
2021-01-01 03:30:00,38112.55,-2707.99,-12831.44,40305.80,GAN
2021-01-01 03:31:00,38112.66,-2707.93,-12831.37,40305.87,GAN
2021-01-01 03:32:00,38112.82,-2707.97,-12831.25,40306.01,GAN
2021-01-01 03:33:00,38113.01,-2707.96,-12831.14,40306.16,GAN
2021-01-01 03:34:00,38113.18,-2707.99,-12831.06,40306.26,GAN
2021-01-01 03:35:00,38113.33,-2708.03,-12830.91,40306.44,GAN
2021-01-01 03:36:00,38113.57,-2708.05,-12830.78,40306.60,GAN
2021-01-01 03:37:00,38113.70,-2708.08,-12830.67,40306.72,GAN
2021-01-01 03:38:00,38113.90,-2708.06,-12830.57,40306.86,GAN
2021-01-01 03:39:00,38114.07,-2708.12,-12830.43,40307.01,GAN
2021-01-01 03:40:00,38114.21,-2708.09,-12830.30,40307.12,GAN
2021-01-01 03:41:00,38114.36,-2708.12,-12830.21,40307.22,GAN
2021-01-01 03:42:00,38114.43,-2708.07,-12830.10,40307.29,GAN
2021-01-01 03:43:00,38114.54,-2708.10,-12830.01,40307.35,GAN
2021-01-01 03:44:00,38114.74,-2708.11,-12829.87,40307.43,GAN
2021-01-01 03:45:00,38115.01,-2708.14,-12829.67,40307.69,GAN
2021-01-01 03:46:00,38115.12,-2708.17,-12829.60,40307.76,GAN
2021-01-01 03:47:00,38115.41,-2708.25,-12829.45,40307.95,GAN
2021-01-01 03:48:00,38115.62,-2708.30,-12829.32,40308.13,GAN
2021-01-01 03:49:00,38115.86,-2708.36,-12829.19,40308.28,GAN
2021-01-01 03:50:00,38116.02,-2708.36,-12829.01,40308.40,GAN
2021-01-01 03:51:00,38116.16,-2708.37,-12828.91,40308.48,GAN
2021-01-01 03:52:00,38116.29,-2708.36,-12828.80,40308.62,GAN
2021-01-01 03:53:00,38116.43,-2708.33,-12828.65,40308.67,GAN
2021-01-01 03:54:00,38116.44,-2708.23,-12828.54,40308.63,GAN
2021-01-01 03:55:00,38116.55,-2708.30,-12828.47,40308.69,GAN
2021-01-01 03:56:00,38116.67,-2708.23,-12828.36,40308.79,GAN
2021-01-01 03:57:00,38116.83,-2708.25,-12828.20,40308.84,GAN
2021-01-01 03:58:00,38117.04,-2708.18,-12828.02,40309.02,GAN
2021-01-01 03:59:00,38117.28,-2708.10,-12827.82,40309.20,GAN
2021-01-01 04:00:00,38117.52,-2708.21,-12827.66,40309.36,GAN
2021-01-01 04:01:00,38117.97,-2708.17,-12827.39,40309.68,GAN
2021-01-01 04:02:00,38118.43,-2708.28,-12827.13,40310.01,GAN
2021-01-01 04:03:00,38118.64,-2708.23,-12826.90,40310.23,GAN
2021-01-01 04:04:00,38119.03,-2708.30,-12826.63,40310.47,GAN
2021-01-01 04:05:00,38119.30,-2708.26,-12826.35,40310.64,GAN
2021-01-01 04:06:00,38119.22,-2708.09,-12826.27,40310.53,GAN
2021-01-01 04:07:00,38119.81,-2708.47,-12825.92,40310.93,GAN
2021-01-01 04:08:00,38120.09,-2708.44,-12825.61,40311.14,GAN
2021-01-01 04:09:00,38120.28,-2708.14,-12825.45,40311.22,GAN
2021-01-01 04:10:00,38120.48,-2708.14,-12825.22,40311.42,GAN
2021-01-01 04:11:00,38120.85,-2708.20,-12824.96,40311.59,GAN
2021-01-01 04:12:00,38121.22,-2708.10,-12824.68,40311.86,GAN
2021-01-01 04:13:00,38121.60,-2708.10,-12824.40,40312.17,GAN
2021-01-01 04:14:00,38121.90,-2708.06,-12824.18,40312.40,GAN
2021-01-01 04:15:00,38121.99,-2707.95,-12824.00,40312.35,GAN
2021-01-01 04:16:00,38122.20,-2707.87,-12823.73,40312.53,GAN
2021-01-01 04:17:00,38122.36,-2707.69,-12823.48,40312.61,GAN
2021-01-01 04:18:00,38122.63,-2707.54,-12823.24,40312.74,GAN
2021-01-01 04:19:00,38122.75,-2707.40,-12823.07,40312.75,GAN
2021-01-01 04:20:00,38122.84,-2707.29,-12822.94,40312.81,GAN
2021-01-01 04:21:00,38123.08,-2707.26,-12822.67,40312.94,GAN
2021-01-01 04:22:00,38123.33,-2707.17,-12822.45,40313.07,GAN
2021-01-01 04:23:00,38123.46,-2707.17,-12822.26,40313.16,GAN
2021-01-01 04:24:00,38123.69,-2707.20,-12822.04,40313.30,GAN
2021-01-01 04:25:00,38123.84,-2707.17,-12821.88,40313.43,GAN
2021-01-01 04:26:00,38124.05,-2707.16,-12821.64,40313.53,GAN
2021-01-01 04:27:00,38124.21,-2707.19,-12821.45,40313.68,GAN
2021-01-01 04:28:00,38124.40,-2707.23,-12821.22,40313.79,GAN
2021-01-01 04:29:00,38124.41,-2707.21,-12821.04,40313.76,GAN
2021-01-01 04:30:00,38124.72,-2707.21,-12820.87,40313.87,GAN
2021-01-01 04:31:00,38124.82,-2707.20,-12820.72,40314.00,GAN
2021-01-01 04:32:00,38124.81,-2707.09,-12820.53,40313.94,GAN
2021-01-01 04:33:00,38124.95,-2707.09,-12820.35,40314.00,GAN
2021-01-01 04:34:00,38125.07,-2707.02,-12820.13,40313.98,GAN
2021-01-01 04:35:00,38125.22,-2707.01,-12819.94,40314.11,GAN
2021-01-01 04:36:00,38125.38,-2707.03,-12819.78,40314.22,GAN
2021-01-01 04:37:00,38125.50,-2707.03,-12819.55,40314.24,GAN
2021-01-01 04:38:00,38125.64,-2706.95,-12819.38,40314.29,GAN
2021-01-01 04:39:00,38125.72,-2706.90,-12819.23,40314.36,GAN
2021-01-01 04:40:00,38125.76,-2706.87,-12819.09,40314.36,GAN
2021-01-01 04:41:00,38125.90,-2706.78,-12818.93,40314.40,GAN
2021-01-01 04:42:00,38126.00,-2706.76,-12818.73,40314.42,GAN
2021-01-01 04:43:00,38126.04,-2706.58,-12818.59,40314.44,GAN
2021-01-01 04:44:00,38126.17,-2706.45,-12818.36,40314.48,GAN
2021-01-01 04:45:00,38126.05,-2706.14,-12818.20,40314.32,GAN
2021-01-01 04:46:00,38126.03,-2706.00,-12818.06,40314.24,GAN
2021-01-01 04:47:00,38126.14,-2705.90,-12817.97,40314.21,GAN
2021-01-01 04:48:00,38126.38,-2705.78,-12817.72,40314.39,GAN
2021-01-01 04:49:00,38126.53,-2705.60,-12817.49,40314.46,GAN
2021-01-01 04:50:00,38126.73,-2705.55,-12817.29,40314.58,GAN
2021-01-01 04:51:00,38126.70,-2705.31,-12817.17,40314.49,GAN
2021-01-01 04:52:00,38126.67,-2705.26,-12817.07,40314.45,GAN
2021-01-01 04:53:00,38126.78,-2705.32,-12816.99,40314.52,GAN
2021-01-01 04:54:00,38127.03,-2705.48,-12816.81,40314.65,GAN
2021-01-01 04:55:00,38127.52,-2705.54,-12816.51,40315.09,GAN
2021-01-01 04:56:00,38127.86,-2705.62,-12816.27,40315.37,GAN
2021-01-01 04:57:00,38128.29,-2705.84,-12816.01,40315.67,GAN
2021-01-01 04:58:00,38128.70,-2705.96,-12815.80,40316.06,GAN
2021-01-01 04:59:00,38128.85,-2706.02,-12815.70,40316.18,GAN
2021-01-01 05:00:00,38129.11,-2706.14,-12815.57,40316.31,GAN
2021-01-01 05:01:00,38129.68,-2706.37,-12815.33,40316.76,GAN
2021-01-01 05:02:00,38130.33,-2706.61,-12815.02,40317.30,GAN
2021-01-01 05:03:00,38130.73,-2706.74,-12814.79,40317.69,GAN
2021-01-01 05:04:00,38131.08,-2706.87,-12814.68,40317.96,GAN
2021-01-01 05:05:00,38131.30,-2706.93,-12814.56,40318.14,GAN
2021-01-01 05:06:00,38131.47,-2707.03,-12814.46,40318.28,GAN
2021-01-01 05:07:00,38131.71,-2707.22,-12814.31,40318.49,GAN
2021-01-01 05:08:00,38131.88,-2707.33,-12814.27,40318.59,GAN
2021-01-01 05:09:00,38131.80,-2707.41,-12814.27,40318.51,GAN
2021-01-01 05:10:00,38131.83,-2707.51,-12814.29,40318.52,GAN
2021-01-01 05:11:00,38131.77,-2707.58,-12814.27,40318.51,GAN
2021-01-01 05:12:00,38131.84,-2707.71,-12814.23,40318.64,GAN
2021-01-01 05:13:00,38131.95,-2707.83,-12814.19,40318.75,GAN
2021-01-01 05:14:00,38132.00,-2707.92,-12814.12,40318.76,GAN
2021-01-01 05:15:00,38132.04,-2707.98,-12814.11,40318.79,GAN
2021-01-01 05:16:00,38132.13,-2708.12,-12814.01,40318.88,GAN
2021-01-01 05:17:00,38132.35,-2708.22,-12813.89,40319.01,GAN
2021-01-01 05:18:00,38132.56,-2708.29,-12813.80,40319.18,GAN
2021-01-01 05:19:00,38132.74,-2708.40,-12813.71,40319.33,GAN
2021-01-01 05:20:00,38132.94,-2708.48,-12813.64,40319.48,GAN
2021-01-01 05:21:00,38133.24,-2708.58,-12813.53,40319.74,GAN
2021-01-01 05:22:00,38133.33,-2708.61,-12813.43,40319.77,GAN
2021-01-01 05:23:00,38133.43,-2708.70,-12813.35,40319.90,GAN
2021-01-01 05:24:00,38133.50,-2708.73,-12813.26,40320.01,GAN
2021-01-01 05:25:00,38133.51,-2708.75,-12813.24,40320.04,GAN
2021-01-01 05:26:00,38133.69,-2708.81,-12813.16,40320.16,GAN
2021-01-01 05:27:00,38133.81,-2708.83,-12813.09,40320.20,GAN
2021-01-01 05:28:00,38133.88,-2708.88,-12813.00,40320.28,GAN
2021-01-01 05:29:00,38133.88,-2708.96,-12813.00,40320.28,GAN
2021-01-01 05:30:00,38133.91,-2708.97,-12812.97,40320.25,GAN
2021-01-01 05:31:00,38133.98,-2709.05,-12812.91,40320.34,GAN
2021-01-01 05:32:00,38134.06,-2709.13,-12812.88,40320.41,GAN
2021-01-01 05:33:00,38134.17,-2709.20,-12812.81,40320.49,GAN
2021-01-01 05:34:00,38134.28,-2709.20,-12812.73,40320.54,GAN
2021-01-01 05:35:00,38134.42,-2709.28,-12812.66,40320.69,GAN
2021-01-01 05:36:00,38134.56,-2709.32,-12812.56,40320.74,GAN
2021-01-01 05:37:00,38134.69,-2709.37,-12812.49,40320.91,GAN
2021-01-01 05:38:00,38134.89,-2709.41,-12812.39,40321.03,GAN
2021-01-01 05:39:00,38134.94,-2709.41,-12812.36,40321.09,GAN
2021-01-01 05:40:00,38135.04,-2709.40,-12812.25,40321.11,GAN
2021-01-01 05:41:00,38135.14,-2709.43,-12812.19,40321.21,GAN
2021-01-01 05:42:00,38135.29,-2709.39,-12812.09,40321.28,GAN
2021-01-01 05:43:00,38135.45,-2709.37,-12811.95,40321.36,GAN
2021-01-01 05:44:00,38135.58,-2709.33,-12811.81,40321.46,GAN
2021-01-01 05:45:00,38135.66,-2709.24,-12811.72,40321.47,GAN
2021-01-01 05:46:00,38135.81,-2709.14,-12811.56,40321.59,GAN
2021-01-01 05:47:00,38135.90,-2709.02,-12811.43,40321.65,GAN
2021-01-01 05:48:00,38136.00,-2708.90,-12811.32,40321.69,GAN
2021-01-01 05:49:00,38136.13,-2708.84,-12811.17,40321.77,GAN
2021-01-01 05:50:00,38136.30,-2708.76,-12810.95,40321.89,GAN
2021-01-01 05:51:00,38136.49,-2708.71,-12810.81,40321.96,GAN
2021-01-01 05:52:00,38136.72,-2708.64,-12810.73,40322.11,GAN
2021-01-01 05:53:00,38136.85,-2708.58,-12810.60,40322.21,GAN
2021-01-01 05:54:00,38136.95,-2708.54,-12810.44,40322.34,GAN
2021-01-01 05:55:00,38137.24,-2708.58,-12810.26,40322.48,GAN
2021-01-01 05:56:00,38137.49,-2708.53,-12810.02,40322.66,GAN
2021-01-01 05:57:00,38137.72,-2708.51,-12809.84,40322.89,GAN
2021-01-01 05:58:00,38137.95,-2708.48,-12809.65,40322.99,GAN
2021-01-01 05:59:00,38138.18,-2708.43,-12809.47,40323.18,GAN
2021-01-01 06:00:00,38138.33,-2708.36,-12809.29,40323.26,GAN
2021-01-01 06:01:00,38138.42,-2708.24,-12809.16,40323.26,GAN
2021-01-01 06:02:00,38138.52,-2708.18,-12809.06,40323.31,GAN
2021-01-01 06:03:00,38138.61,-2708.10,-12808.93,40323.36,GAN
2021-01-01 06:04:00,38138.69,-2708.06,-12808.77,40323.39,GAN
2021-01-01 06:05:00,38138.80,-2708.01,-12808.62,40323.45,GAN
2021-01-01 06:06:00,38138.97,-2708.01,-12808.50,40323.59,GAN
2021-01-01 06:07:00,38139.14,-2707.98,-12808.34,40323.62,GAN
2021-01-01 06:08:00,38139.25,-2707.93,-12808.19,40323.69,GAN
2021-01-01 06:09:00,38139.35,-2707.92,-12808.02,40323.76,GAN
2021-01-01 06:10:00,38139.38,-2707.87,-12807.89,40323.70,GAN
2021-01-01 06:11:00,38139.59,-2707.90,-12807.74,40323.85,GAN
2021-01-01 06:12:00,38139.83,-2707.93,-12807.55,40324.04,GAN
2021-01-01 06:13:00,38139.92,-2707.91,-12807.40,40324.10,GAN
2021-01-01 06:14:00,38139.93,-2707.81,-12807.30,40324.03,GAN
2021-01-01 06:15:00,38140.04,-2707.76,-12807.20,40324.15,GAN
2021-01-01 06:16:00,38140.26,-2707.72,-12806.98,40324.31,GAN
2021-01-01 06:17:00,38140.44,-2707.65,-12806.81,40324.35,GAN
2021-01-01 06:18:00,38140.53,-2707.58,-12806.63,40324.38,GAN
2021-01-01 06:19:00,38140.61,-2707.52,-12806.47,40324.45,GAN
2021-01-01 06:20:00,38140.64,-2707.39,-12806.30,40324.31,GAN
2021-01-01 06:21:00,38140.74,-2707.27,-12806.19,40324.37,GAN
2021-01-01 06:22:00,38140.89,-2707.17,-12806.00,40324.42,GAN
2021-01-01 06:23:00,38140.96,-2707.07,-12805.83,40324.45,GAN
2021-01-01 06:24:00,38141.02,-2706.97,-12805.62,40324.45,GAN
2021-01-01 06:25:00,38141.11,-2706.87,-12805.45,40324.52,GAN
2021-01-01 06:26:00,38141.26,-2706.73,-12805.25,40324.58,GAN
2021-01-01 06:27:00,38141.41,-2706.58,-12805.08,40324.57,GAN
2021-01-01 06:28:00,38141.48,-2706.41,-12804.93,40324.66,GAN
2021-01-01 06:29:00,38141.40,-2706.12,-12804.80,40324.52,GAN
2021-01-01 06:30:00,38141.32,-2705.99,-12804.72,40324.36,GAN
2021-01-01 06:31:00,38141.48,-2705.80,-12804.44,40324.51,GAN
2021-01-01 06:32:00,38141.55,-2705.60,-12804.23,40324.54,GAN
2021-01-01 06:33:00,38141.67,-2705.39,-12804.01,40324.54,GAN
2021-01-01 06:34:00,38141.56,-2705.18,-12803.97,40324.37,GAN
2021-01-01 06:35:00,38141.66,-2705.01,-12803.80,40324.39,GAN
2021-01-01 06:36:00,38141.56,-2704.82,-12803.69,40324.30,GAN
2021-01-01 06:37:00,38141.49,-2704.60,-12803.53,40324.17,GAN
2021-01-01 06:38:00,38141.50,-2704.46,-12803.44,40324.11,GAN
2021-01-01 06:39:00,38141.49,-2704.28,-12803.33,40324.05,GAN
2021-01-01 06:40:00,38141.49,-2704.08,-12803.25,40323.99,GAN
2021-01-01 06:41:00,38141.45,-2703.96,-12803.12,40323.90,GAN
2021-01-01 06:42:00,38141.32,-2703.80,-12803.05,40323.74,GAN
2021-01-01 06:43:00,38141.41,-2703.65,-12802.93,40323.76,GAN
2021-01-01 06:44:00,38141.39,-2703.44,-12802.82,40323.71,GAN
2021-01-01 06:45:00,38141.40,-2703.29,-12802.74,40323.52,GAN
2021-01-01 06:46:00,38141.55,-2703.06,-12802.51,40323.71,GAN
2021-01-01 06:47:00,38141.51,-2702.82,-12802.44,40323.62,GAN
2021-01-01 06:48:00,38141.52,-2702.65,-12802.30,40323.60,GAN
2021-01-01 06:49:00,38141.65,-2702.46,-12802.17,40323.68,GAN
2021-01-01 06:50:00,38141.70,-2702.20,-12802.06,40323.67,GAN
2021-01-01 06:51:00,38141.80,-2701.97,-12801.92,40323.72,GAN
2021-01-01 06:52:00,38141.91,-2701.75,-12801.78,40323.65,GAN
2021-01-01 06:53:00,38142.09,-2701.58,-12801.62,40323.81,GAN
2021-01-01 06:54:00,38142.15,-2701.28,-12801.48,40323.83,GAN
2021-01-01 06:55:00,38142.14,-2701.09,-12801.41,40323.74,GAN
2021-01-01 06:56:00,38142.31,-2700.89,-12801.32,40323.78,GAN
2021-01-01 06:57:00,38142.31,-2700.65,-12801.21,40323.74,GAN
2021-01-01 06:58:00,38142.33,-2700.45,-12801.17,40323.86,GAN
2021-01-01 06:59:00,38142.62,-2700.31,-12800.97,40324.04,GAN
2021-01-01 07:00:00,38142.58,-2700.11,-12800.94,40324.02,GAN
2021-01-01 07:01:00,38142.69,-2699.95,-12800.85,40324.09,GAN
2021-01-01 07:02:00,38142.62,-2699.73,-12800.80,40323.88,GAN
2021-01-01 07:03:00,38142.47,-2699.45,-12800.84,40323.79,GAN
2021-01-01 07:04:00,38142.75,-2699.35,-12800.69,40324.04,GAN
2021-01-01 07:05:00,38142.56,-2699.09,-12800.72,40323.83,GAN
2021-01-01 07:06:00,38142.74,-2698.91,-12800.58,40323.99,GAN
2021-01-01 07:07:00,38142.58,-2698.63,-12800.61,40323.81,GAN
2021-01-01 07:08:00,38142.89,-2698.49,-12800.47,40323.96,GAN
2021-01-01 07:09:00,38142.80,-2698.27,-12800.45,40323.94,GAN
2021-01-01 07:10:00,38143.01,-2698.14,-12800.31,40324.08,GAN
2021-01-01 07:11:00,38142.93,-2697.92,-12800.29,40324.03,GAN
2021-01-01 07:12:00,38142.94,-2697.73,-12800.27,40323.99,GAN
2021-01-01 07:13:00,38142.87,-2697.49,-12800.23,40323.88,GAN
2021-01-01 07:14:00,38142.91,-2697.26,-12800.17,40323.91,GAN
2021-01-01 07:15:00,38142.89,-2697.00,-12800.12,40323.85,GAN
2021-01-01 07:16:00,38142.98,-2696.89,-12800.09,40323.91,GAN
2021-01-01 07:17:00,38143.20,-2696.75,-12800.00,40324.03,GAN
2021-01-01 07:18:00,38143.24,-2696.49,-12799.92,40324.07,GAN
2021-01-01 07:19:00,38143.35,-2696.32,-12799.89,40324.10,GAN
2021-01-01 07:20:00,38143.36,-2696.11,-12799.89,40324.05,GAN
2021-01-01 07:21:00,38143.31,-2695.90,-12799.86,40324.03,GAN
2021-01-01 07:22:00,38143.27,-2695.80,-12799.89,40324.01,GAN
2021-01-01 07:23:00,38143.25,-2695.64,-12799.95,40324.00,GAN
2021-01-01 07:24:00,38143.06,-2695.38,-12800.04,40323.79,GAN
2021-01-01 07:25:00,38142.83,-2695.15,-12800.09,40323.63,GAN
2021-01-01 07:26:00,38142.81,-2694.95,-12800.15,40323.63,GAN
2021-01-01 07:27:00,38142.79,-2694.71,-12800.17,40323.57,GAN
2021-01-01 07:28:00,38142.74,-2694.50,-12800.24,40323.51,GAN
2021-01-01 07:29:00,38142.63,-2694.28,-12800.31,40323.44,GAN
2021-01-01 07:30:00,38142.48,-2694.05,-12800.42,40323.29,GAN
2021-01-01 07:31:00,38142.41,-2693.93,-12800.50,40323.21,GAN
2021-01-01 07:32:00,38142.16,-2693.73,-12800.68,40323.05,GAN
2021-01-01 07:33:00,38141.83,-2693.57,-12800.85,40322.77,GAN
2021-01-01 07:34:00,38141.58,-2693.43,-12801.01,40322.63,GAN
2021-01-01 07:35:00,38141.42,-2693.25,-12801.14,40322.50,GAN
2021-01-01 07:36:00,38141.39,-2692.99,-12801.22,40322.44,GAN
2021-01-01 07:37:00,38141.27,-2692.82,-12801.29,40322.37,GAN
2021-01-01 07:38:00,38141.30,-2692.70,-12801.40,40322.43,GAN
2021-01-01 07:39:00,38141.22,-2692.52,-12801.48,40322.39,GAN
2021-01-01 07:40:00,38141.31,-2692.43,-12801.55,40322.42,GAN
2021-01-01 07:41:00,38141.48,-2692.37,-12801.54,40322.62,GAN
2021-01-01 07:42:00,38141.31,-2692.28,-12801.67,40322.52,GAN
2021-01-01 07:43:00,38141.19,-2692.08,-12801.79,40322.39,GAN
2021-01-01 07:44:00,38141.33,-2691.90,-12801.81,40322.52,GAN
2021-01-01 07:45:00,38141.15,-2691.84,-12801.97,40322.44,GAN
2021-01-01 07:46:00,38140.77,-2691.68,-12802.21,40322.14,GAN
2021-01-01 07:47:00,38140.85,-2691.47,-12802.27,40322.16,GAN
2021-01-01 07:48:00,38140.88,-2691.32,-12802.32,40322.22,GAN
2021-01-01 07:49:00,38140.92,-2691.15,-12802.41,40322.27,GAN
2021-01-01 07:50:00,38140.80,-2691.18,-12802.55,40322.18,GAN
2021-01-01 07:51:00,38140.50,-2691.07,-12802.79,40321.98,GAN
2021-01-01 07:52:00,38140.17,-2690.85,-12803.01,40321.72,GAN
2021-01-01 07:53:00,38140.12,-2690.72,-12803.13,40321.72,GAN
2021-01-01 07:54:00,38140.22,-2690.56,-12803.17,40321.78,GAN
2021-01-01 07:55:00,38140.27,-2690.38,-12803.26,40321.88,GAN
2021-01-01 07:56:00,38140.23,-2690.18,-12803.36,40321.88,GAN
2021-01-01 07:57:00,38140.19,-2689.98,-12803.43,40321.83,GAN
2021-01-01 07:58:00,38140.36,-2689.84,-12803.47,40321.99,GAN
2021-01-01 07:59:00,38140.43,-2689.80,-12803.51,40322.07,GAN
2021-01-01 08:00:00,38140.44,-2689.75,-12803.66,40322.08,GAN
2021-01-01 08:01:00,38140.47,-2689.66,-12803.76,40322.09,GAN
2021-01-01 08:02:00,38140.33,-2689.56,-12803.89,40322.03,GAN
2021-01-01 08:03:00,38140.08,-2689.42,-12804.03,40321.89,GAN
2021-01-01 08:04:00,38139.88,-2689.30,-12804.24,40321.74,GAN
2021-01-01 08:05:00,38139.68,-2689.19,-12804.42,40321.59,GAN
2021-01-01 08:06:00,38139.64,-2689.06,-12804.52,40321.53,GAN
2021-01-01 08:07:00,38139.52,-2688.95,-12804.66,40321.47,GAN
2021-01-01 08:08:00,38139.48,-2688.86,-12804.80,40321.36,GAN
2021-01-01 08:09:00,38139.23,-2688.81,-12805.01,40321.27,GAN
2021-01-01 08:10:00,38139.28,-2688.77,-12805.08,40321.38,GAN
2021-01-01 08:11:00,38139.48,-2688.75,-12805.09,40321.49,GAN
2021-01-01 08:12:00,38139.47,-2688.71,-12805.15,40321.54,GAN
2021-01-01 08:13:00,38139.16,-2688.63,-12805.31,40321.38,GAN
2021-01-01 08:14:00,38139.01,-2688.52,-12805.46,40321.23,GAN
2021-01-01 08:15:00,38139.03,-2688.45,-12805.58,40321.23,GAN
2021-01-01 08:16:00,38139.12,-2688.40,-12805.64,40321.42,GAN
2021-01-01 08:17:00,38139.26,-2688.40,-12805.68,40321.38,GAN
2021-01-01 08:18:00,38139.25,-2688.34,-12805.71,40321.50,GAN
2021-01-01 08:19:00,38139.19,-2688.25,-12805.85,40321.49,GAN
2021-01-01 08:20:00,38139.15,-2688.16,-12805.97,40321.51,GAN
2021-01-01 08:21:00,38139.13,-2688.07,-12806.11,40321.43,GAN
2021-01-01 08:22:00,38139.09,-2688.03,-12806.21,40321.48,GAN
2021-01-01 08:23:00,38139.12,-2687.97,-12806.31,40321.55,GAN
2021-01-01 08:24:00,38139.17,-2687.93,-12806.41,40321.60,GAN
2021-01-01 08:25:00,38139.28,-2687.87,-12806.51,40321.66,GAN
2021-01-01 08:26:00,38139.31,-2687.82,-12806.61,40321.71,GAN
2021-01-01 08:27:00,38139.29,-2687.82,-12806.81,40321.73,GAN
2021-01-01 08:28:00,38139.32,-2687.85,-12806.95,40321.81,GAN
2021-01-01 08:29:00,38139.47,-2687.92,-12807.07,40321.94,GAN
2021-01-01 08:30:00,38139.50,-2687.95,-12807.12,40322.07,GAN
2021-01-01 08:31:00,38139.49,-2688.01,-12807.28,40322.15,GAN
2021-01-01 08:32:00,38139.41,-2688.05,-12807.43,40322.20,GAN
2021-01-01 08:33:00,38139.18,-2688.06,-12807.75,40322.04,GAN
2021-01-01 08:34:00,38139.14,-2688.15,-12807.93,40322.14,GAN
2021-01-01 08:35:00,38139.11,-2688.28,-12808.14,40322.14,GAN
2021-01-01 08:36:00,38139.22,-2688.40,-12808.27,40322.29,GAN
2021-01-01 08:37:00,38139.28,-2688.53,-12808.46,40322.37,GAN
2021-01-01 08:38:00,38139.16,-2688.71,-12808.68,40322.41,GAN
2021-01-01 08:39:00,38139.18,-2688.86,-12808.85,40322.51,GAN
2021-01-01 08:40:00,38139.07,-2688.98,-12809.08,40322.45,GAN
2021-01-01 08:41:00,38138.98,-2689.04,-12809.27,40322.43,GAN
2021-01-01 08:42:00,38138.82,-2689.15,-12809.57,40322.39,GAN
2021-01-01 08:43:00,38138.79,-2689.29,-12809.72,40322.37,GAN
2021-01-01 08:44:00,38138.72,-2689.40,-12809.93,40322.29,GAN
2021-01-01 08:45:00,38138.56,-2689.52,-12810.22,40322.34,GAN
2021-01-01 08:46:00,38138.44,-2689.64,-12810.40,40322.30,GAN
2021-01-01 08:47:00,38138.32,-2689.85,-12810.60,40322.26,GAN
2021-01-01 08:48:00,38138.22,-2689.94,-12810.78,40322.32,GAN
2021-01-01 08:49:00,38138.05,-2690.06,-12811.05,40322.16,GAN
2021-01-01 08:50:00,38137.89,-2690.21,-12811.29,40322.09,GAN
2021-01-01 08:51:00,38137.78,-2690.36,-12811.43,40322.09,GAN
2021-01-01 08:52:00,38137.73,-2690.54,-12811.62,40322.08,GAN
2021-01-01 08:53:00,38137.77,-2690.68,-12811.78,40322.14,GAN
2021-01-01 08:54:00,38137.83,-2690.92,-12811.93,40322.28,GAN
2021-01-01 08:55:00,38137.88,-2691.00,-12812.05,40322.35,GAN
2021-01-01 08:56:00,38137.77,-2691.08,-12812.22,40322.36,GAN
2021-01-01 08:57:00,38137.81,-2691.16,-12812.34,40322.46,GAN
2021-01-01 08:58:00,38137.86,-2691.20,-12812.44,40322.50,GAN
2021-01-01 08:59:00,38137.68,-2691.40,-12812.61,40322.42,GAN
2021-01-01 09:00:00,38137.40,-2691.59,-12812.94,40322.26,GAN
2021-01-01 09:01:00,38137.23,-2691.74,-12813.16,40322.18,GAN
2021-01-01 09:02:00,38136.99,-2691.95,-12813.39,40322.03,GAN
2021-01-01 09:03:00,38136.87,-2692.10,-12813.60,40321.95,GAN
2021-01-01 09:04:00,38136.84,-2692.25,-12813.74,40322.01,GAN
2021-01-01 09:05:00,38136.83,-2692.43,-12813.90,40322.05,GAN
2021-01-01 09:06:00,38136.81,-2692.59,-12814.03,40322.13,GAN
2021-01-01 09:07:00,38136.86,-2692.80,-12814.15,40322.21,GAN
2021-01-01 09:08:00,38136.98,-2693.03,-12814.26,40322.36,GAN
2021-01-01 09:09:00,38137.13,-2693.20,-12814.32,40322.55,GAN
2021-01-01 09:10:00,38137.28,-2693.31,-12814.43,40322.74,GAN
2021-01-01 09:11:00,38137.38,-2693.50,-12814.51,40322.79,GAN
2021-01-01 09:12:00,38137.40,-2693.67,-12814.60,40323.01,GAN
2021-01-01 09:13:00,38137.40,-2693.81,-12814.70,40323.02,GAN
2021-01-01 09:14:00,38137.33,-2693.95,-12814.87,40322.97,GAN
2021-01-01 09:15:00,38137.10,-2694.07,-12815.07,40322.85,GAN
2021-01-01 09:16:00,38136.95,-2694.17,-12815.26,40322.78,GAN
2021-01-01 09:17:00,38136.82,-2694.28,-12815.43,40322.68,GAN
2021-01-01 09:18:00,38136.66,-2694.34,-12815.60,40322.53,GAN
2021-01-01 09:19:00,38136.44,-2694.45,-12815.76,40322.44,GAN
2021-01-01 09:20:00,38136.21,-2694.56,-12815.92,40322.35,GAN
2021-01-01 09:21:00,38135.95,-2694.66,-12816.13,40322.10,GAN
2021-01-01 09:22:00,38135.73,-2694.81,-12816.36,40321.88,GAN
2021-01-01 09:23:00,38135.54,-2694.93,-12816.53,40321.87,GAN
2021-01-01 09:24:00,38135.28,-2695.08,-12816.72,40321.64,GAN
2021-01-01 09:25:00,38135.01,-2695.16,-12816.86,40321.47,GAN
2021-01-01 09:26:00,38134.57,-2695.23,-12817.10,40321.16,GAN
2021-01-01 09:27:00,38134.21,-2695.30,-12817.33,40320.82,GAN
2021-01-01 09:28:00,38133.82,-2695.37,-12817.57,40320.60,GAN
2021-01-01 09:29:00,38133.63,-2695.48,-12817.74,40320.43,GAN
2021-01-01 09:30:00,38133.54,-2695.63,-12817.87,40320.38,GAN
2021-01-01 09:31:00,38133.36,-2695.77,-12818.02,40320.26,GAN
2021-01-01 09:32:00,38133.28,-2695.85,-12818.13,40320.24,GAN
2021-01-01 09:33:00,38133.24,-2695.94,-12818.22,40320.19,GAN
2021-01-01 09:34:00,38133.17,-2695.98,-12818.34,40320.13,GAN
2021-01-01 09:35:00,38132.88,-2696.02,-12818.54,40319.98,GAN
2021-01-01 09:36:00,38132.50,-2696.01,-12818.79,40319.68,GAN
2021-01-01 09:37:00,38132.17,-2696.03,-12819.03,40319.46,GAN
2021-01-01 09:38:00,38131.99,-2696.11,-12819.17,40319.34,GAN
2021-01-01 09:39:00,38131.66,-2696.12,-12819.39,40319.19,GAN
2021-01-01 09:40:00,38131.65,-2696.20,-12819.52,40319.21,GAN
2021-01-01 09:41:00,38131.59,-2696.32,-12819.68,40319.22,GAN
2021-01-01 09:42:00,38131.35,-2696.35,-12819.86,40319.01,GAN
2021-01-01 09:43:00,38131.07,-2696.42,-12820.08,40318.80,GAN
2021-01-01 09:44:00,38130.78,-2696.48,-12820.30,40318.67,GAN
2021-01-01 09:45:00,38130.54,-2696.61,-12820.56,40318.45,GAN
2021-01-01 09:46:00,38130.34,-2696.72,-12820.75,40318.37,GAN
2021-01-01 09:47:00,38130.23,-2696.81,-12820.85,40318.30,GAN
2021-01-01 09:48:00,38130.05,-2696.88,-12820.99,40318.22,GAN
2021-01-01 09:49:00,38130.03,-2696.96,-12821.10,40318.20,GAN
2021-01-01 09:50:00,38129.80,-2696.99,-12821.29,40318.07,GAN
2021-01-01 09:51:00,38129.56,-2697.04,-12821.47,40317.92,GAN
2021-01-01 09:52:00,38129.39,-2697.13,-12821.63,40317.80,GAN
2021-01-01 09:53:00,38129.32,-2697.19,-12821.75,40317.81,GAN
2021-01-01 09:54:00,38129.26,-2697.32,-12821.89,40317.75,GAN
2021-01-01 09:55:00,38129.27,-2697.40,-12821.91,40317.72,GAN
2021-01-01 09:56:00,38129.26,-2697.49,-12821.96,40317.77,GAN
2021-01-01 09:57:00,38129.23,-2697.55,-12822.01,40317.77,GAN
2021-01-01 09:58:00,38129.09,-2697.59,-12822.08,40317.69,GAN
2021-01-01 09:59:00,38128.93,-2697.61,-12822.21,40317.55,GAN
2021-01-01 10:00:00,38128.67,-2697.69,-12822.35,40317.40,GAN
2021-01-01 10:01:00,38128.48,-2697.76,-12822.45,40317.25,GAN
2021-01-01 10:02:00,38128.33,-2697.86,-12822.52,40317.09,GAN
2021-01-01 10:03:00,38128.25,-2697.90,-12822.59,40317.07,GAN
2021-01-01 10:04:00,38128.05,-2697.94,-12822.72,40316.95,GAN
2021-01-01 10:05:00,38127.78,-2697.92,-12822.89,40316.75,GAN
2021-01-01 10:06:00,38127.62,-2697.89,-12822.98,40316.60,GAN
2021-01-01 10:07:00,38127.48,-2697.89,-12823.10,40316.47,GAN
2021-01-01 10:08:00,38127.31,-2697.88,-12823.17,40316.30,GAN
2021-01-01 10:09:00,38127.15,-2697.89,-12823.24,40316.20,GAN
2021-01-01 10:10:00,38127.07,-2697.88,-12823.29,40316.17,GAN
2021-01-01 10:11:00,38127.01,-2697.88,-12823.36,40316.09,GAN
2021-01-01 10:12:00,38126.90,-2697.81,-12823.39,40316.00,GAN
2021-01-01 10:13:00,38126.85,-2697.78,-12823.42,40315.97,GAN
2021-01-01 10:14:00,38126.79,-2697.75,-12823.50,40315.91,GAN
2021-01-01 10:15:00,38126.73,-2697.73,-12823.57,40315.89,GAN
2021-01-01 10:16:00,38126.66,-2697.66,-12823.60,40315.85,GAN
2021-01-01 10:17:00,38126.50,-2697.60,-12823.67,40315.77,GAN
2021-01-01 10:18:00,38126.48,-2697.55,-12823.72,40315.75,GAN
2021-01-01 10:19:00,38126.43,-2697.48,-12823.78,40315.74,GAN
2021-01-01 10:20:00,38126.41,-2697.42,-12823.85,40315.74,GAN
2021-01-01 10:21:00,38126.40,-2697.32,-12823.92,40315.68,GAN
2021-01-01 10:22:00,38126.38,-2697.22,-12823.94,40315.53,GAN
2021-01-01 10:23:00,38125.97,-2697.12,-12824.19,40315.34,GAN
2021-01-01 10:24:00,38125.93,-2697.01,-12824.23,40315.28,GAN
2021-01-01 10:25:00,38125.85,-2696.99,-12824.30,40315.25,GAN
2021-01-01 10:26:00,38125.77,-2696.95,-12824.42,40315.20,GAN
2021-01-01 10:27:00,38125.71,-2696.89,-12824.52,40315.16,GAN
2021-01-01 10:28:00,38125.50,-2696.82,-12824.65,40315.01,GAN
2021-01-01 10:29:00,38125.26,-2696.75,-12824.78,40314.83,GAN
2021-01-01 10:30:00,38124.97,-2696.64,-12824.99,40314.60,GAN
2021-01-01 10:31:00,38124.75,-2696.62,-12825.15,40314.43,GAN
2021-01-01 10:32:00,38124.63,-2696.57,-12825.26,40314.40,GAN
2021-01-01 10:33:00,38124.64,-2696.54,-12825.36,40314.39,GAN
2021-01-01 10:34:00,38124.77,-2696.48,-12825.38,40314.45,GAN
2021-01-01 10:35:00,38124.86,-2696.36,-12825.39,40314.61,GAN
2021-01-01 10:36:00,38124.94,-2696.26,-12825.41,40314.67,GAN
2021-01-01 10:37:00,38124.91,-2696.14,-12825.46,40314.65,GAN
2021-01-01 10:38:00,38124.92,-2696.02,-12825.54,40314.70,GAN
2021-01-01 10:39:00,38124.98,-2695.90,-12825.56,40314.75,GAN
2021-01-01 10:40:00,38124.89,-2695.79,-12825.61,40314.69,GAN
2021-01-01 10:41:00,38124.87,-2695.71,-12825.81,40314.66,GAN
2021-01-01 10:42:00,38124.72,-2695.61,-12825.93,40314.55,GAN
2021-01-01 10:43:00,38124.66,-2695.51,-12826.01,40314.51,GAN
2021-01-01 10:44:00,38124.58,-2695.39,-12826.07,40314.47,GAN
2021-01-01 10:45:00,38124.56,-2695.27,-12826.17,40314.43,GAN
2021-01-01 10:46:00,38124.48,-2695.14,-12826.26,40314.40,GAN
2021-01-01 10:47:00,38124.46,-2695.05,-12826.32,40314.45,GAN
2021-01-01 10:48:00,38124.49,-2694.98,-12826.40,40314.52,GAN
2021-01-01 10:49:00,38124.45,-2694.86,-12826.46,40314.44,GAN
2021-01-01 10:50:00,38124.43,-2694.77,-12826.54,40314.47,GAN
2021-01-01 10:51:00,38124.43,-2694.70,-12826.58,40314.51,GAN
2021-01-01 10:52:00,38124.49,-2694.61,-12826.66,40314.53,GAN
2021-01-01 10:53:00,38124.51,-2694.55,-12826.69,40314.56,GAN
2021-01-01 10:54:00,38124.52,-2694.49,-12826.75,40314.61,GAN
2021-01-01 10:55:00,38124.59,-2694.41,-12826.80,40314.63,GAN
2021-01-01 10:56:00,38124.55,-2694.33,-12826.81,40314.59,GAN
2021-01-01 10:57:00,38124.50,-2694.23,-12826.87,40314.58,GAN
2021-01-01 10:58:00,38124.45,-2694.13,-12826.96,40314.57,GAN
2021-01-01 10:59:00,38124.41,-2694.05,-12827.03,40314.53,GAN
2021-01-01 11:00:00,38124.30,-2693.99,-12827.08,40314.40,GAN
2021-01-01 11:01:00,38124.06,-2693.88,-12827.17,40314.21,GAN
2021-01-01 11:02:00,38123.92,-2693.82,-12827.22,40314.13,GAN
2021-01-01 11:03:00,38123.75,-2693.77,-12827.30,40314.01,GAN
2021-01-01 11:04:00,38123.48,-2693.73,-12827.52,40313.76,GAN
2021-01-01 11:05:00,38123.21,-2693.69,-12827.63,40313.63,GAN
2021-01-01 11:06:00,38123.17,-2693.60,-12827.66,40313.56,GAN
2021-01-01 11:07:00,38123.19,-2693.52,-12827.71,40313.59,GAN
2021-01-01 11:08:00,38123.21,-2693.49,-12827.72,40313.54,GAN
2021-01-01 11:09:00,38123.08,-2693.41,-12827.81,40313.47,GAN
2021-01-01 11:10:00,38122.72,-2693.33,-12827.96,40313.18,GAN
2021-01-01 11:11:00,38122.54,-2693.22,-12828.09,40313.01,GAN
2021-01-01 11:12:00,38122.40,-2693.13,-12828.13,40312.94,GAN
2021-01-01 11:13:00,38122.31,-2693.06,-12828.22,40312.87,GAN
2021-01-01 11:14:00,38122.16,-2693.04,-12828.26,40312.75,GAN
2021-01-01 11:15:00,38122.05,-2693.01,-12828.39,40312.70,GAN
2021-01-01 11:16:00,38121.98,-2692.98,-12828.47,40312.68,GAN
2021-01-01 11:17:00,38121.93,-2692.95,-12828.54,40312.62,GAN
2021-01-01 11:18:00,38121.85,-2692.93,-12828.63,40312.52,GAN
2021-01-01 11:19:00,38121.80,-2692.92,-12828.69,40312.52,GAN
2021-01-01 11:20:00,38121.69,-2692.91,-12828.82,40312.40,GAN
2021-01-01 11:21:00,38121.61,-2692.90,-12828.89,40312.31,GAN
2021-01-01 11:22:00,38121.58,-2692.89,-12828.94,40312.32,GAN
2021-01-01 11:23:00,38121.53,-2692.88,-12828.98,40312.31,GAN
2021-01-01 11:24:00,38121.52,-2692.85,-12829.09,40312.34,GAN
2021-01-01 11:25:00,38121.54,-2692.88,-12829.15,40312.36,GAN
2021-01-01 11:26:00,38121.39,-2692.85,-12829.22,40312.29,GAN
2021-01-01 11:27:00,38121.40,-2692.79,-12829.28,40312.32,GAN
2021-01-01 11:28:00,38121.35,-2692.78,-12829.35,40312.30,GAN
2021-01-01 11:29:00,38121.33,-2692.77,-12829.39,40312.35,GAN
2021-01-01 11:30:00,38121.26,-2692.78,-12829.46,40312.29,GAN
2021-01-01 11:31:00,38121.28,-2692.76,-12829.50,40312.31,GAN
2021-01-01 11:32:00,38121.25,-2692.79,-12829.58,40312.28,GAN
2021-01-01 11:33:00,38121.19,-2692.81,-12829.57,40312.22,GAN
2021-01-01 11:34:00,38121.11,-2692.80,-12829.65,40312.14,GAN
2021-01-01 11:35:00,38121.08,-2692.80,-12829.74,40312.14,GAN
2021-01-01 11:36:00,38121.02,-2692.79,-12829.86,40312.04,GAN
2021-01-01 11:37:00,38120.94,-2692.82,-12829.91,40311.98,GAN
2021-01-01 11:38:00,38120.88,-2692.84,-12829.96,40311.97,GAN
2021-01-01 11:39:00,38120.81,-2692.85,-12830.03,40311.82,GAN
2021-01-01 11:40:00,38120.76,-2692.90,-12830.05,40311.88,GAN
2021-01-01 11:41:00,38120.75,-2692.91,-12830.03,40311.94,GAN
2021-01-01 11:42:00,38120.85,-2692.96,-12829.99,40312.01,GAN
2021-01-01 11:43:00,38120.88,-2693.02,-12830.04,40312.04,GAN
2021-01-01 11:44:00,38120.93,-2693.05,-12830.01,40312.08,GAN
2021-01-01 11:45:00,38120.91,-2693.06,-12830.08,40311.97,GAN
2021-01-01 11:46:00,38120.79,-2693.05,-12830.08,40311.95,GAN
2021-01-01 11:47:00,38120.74,-2693.09,-12830.09,40311.96,GAN
2021-01-01 11:48:00,38120.72,-2693.13,-12830.10,40311.92,GAN
2021-01-01 11:49:00,38120.63,-2693.13,-12830.18,40311.84,GAN
2021-01-01 11:50:00,38120.48,-2693.19,-12830.20,40311.67,GAN
2021-01-01 11:51:00,38120.39,-2693.21,-12830.24,40311.65,GAN
2021-01-01 11:52:00,38120.38,-2693.28,-12830.24,40311.60,GAN
2021-01-01 11:53:00,38120.30,-2693.35,-12830.26,40311.57,GAN
2021-01-01 11:54:00,38120.12,-2693.41,-12830.35,40311.42,GAN
2021-01-01 11:55:00,38119.82,-2693.47,-12830.46,40311.19,GAN
2021-01-01 11:56:00,38119.61,-2693.48,-12830.54,40311.01,GAN
2021-01-01 11:57:00,38119.47,-2693.46,-12830.55,40310.82,GAN
2021-01-01 11:58:00,38119.46,-2693.47,-12830.59,40310.89,GAN
2021-01-01 11:59:00,38119.51,-2693.54,-12830.54,40310.90,GAN
2021-01-01 12:00:00,38119.52,-2693.64,-12830.53,40310.93,GAN
2021-01-01 12:01:00,38119.51,-2693.76,-12830.51,40310.92,GAN
2021-01-01 12:02:00,38119.45,-2693.83,-12830.52,40310.85,GAN
2021-01-01 12:03:00,38119.34,-2693.91,-12830.55,40310.77,GAN
2021-01-01 12:04:00,38119.32,-2693.94,-12830.53,40310.78,GAN
2021-01-01 12:05:00,38119.37,-2694.03,-12830.52,40310.78,GAN
2021-01-01 12:06:00,38119.33,-2694.13,-12830.53,40310.78,GAN
2021-01-01 12:07:00,38119.18,-2694.23,-12830.58,40310.56,GAN
2021-01-01 12:08:00,38118.82,-2694.36,-12830.72,40310.29,GAN
2021-01-01 12:09:00,38118.55,-2694.39,-12830.80,40310.12,GAN
2021-01-01 12:10:00,38118.40,-2694.49,-12830.84,40310.03,GAN
2021-01-01 12:11:00,38118.32,-2694.53,-12830.81,40309.95,GAN
2021-01-01 12:12:00,38118.36,-2694.62,-12830.81,40310.04,GAN
2021-01-01 12:13:00,38118.48,-2694.74,-12830.75,40310.14,GAN
2021-01-01 12:14:00,38118.48,-2694.94,-12830.73,40310.10,GAN
2021-01-01 12:15:00,38118.67,-2695.03,-12830.62,40310.23,GAN
2021-01-01 12:16:00,38118.65,-2695.17,-12830.59,40310.25,GAN
2021-01-01 12:17:00,38118.70,-2695.25,-12830.55,40310.25,GAN
2021-01-01 12:18:00,38118.72,-2695.40,-12830.53,40310.31,GAN
2021-01-01 12:19:00,38118.75,-2695.59,-12830.50,40310.31,GAN
2021-01-01 12:20:00,38118.81,-2695.86,-12830.47,40310.29,GAN
2021-01-01 12:21:00,38118.85,-2696.06,-12830.42,40310.44,GAN
2021-01-01 12:22:00,38118.85,-2696.18,-12830.40,40310.37,GAN
2021-01-01 12:23:00,38118.96,-2696.22,-12830.35,40310.42,GAN
2021-01-01 12:24:00,38119.15,-2696.22,-12830.23,40310.60,GAN
2021-01-01 12:25:00,38119.20,-2696.23,-12830.16,40310.68,GAN
2021-01-01 12:26:00,38119.30,-2696.23,-12830.09,40310.74,GAN
2021-01-01 12:27:00,38119.33,-2696.23,-12830.02,40310.78,GAN
2021-01-01 12:28:00,38119.31,-2696.23,-12829.99,40310.77,GAN
2021-01-01 12:29:00,38119.34,-2696.23,-12829.98,40310.76,GAN
2021-01-01 12:30:00,38119.32,-2696.23,-12829.98,40310.70,GAN
2021-01-01 12:31:00,38119.20,-2696.22,-12830.01,40310.60,GAN
2021-01-01 12:32:00,38119.20,-2696.25,-12829.97,40310.64,GAN
2021-01-01 12:33:00,38119.19,-2696.28,-12829.96,40310.59,GAN
2021-01-01 12:34:00,38119.23,-2696.30,-12829.95,40310.61,GAN
2021-01-01 12:35:00,38119.26,-2696.28,-12829.96,40310.66,GAN
2021-01-01 12:36:00,38119.29,-2696.30,-12830.00,40310.58,GAN
2021-01-01 12:37:00,38119.31,-2696.30,-12829.95,40310.68,GAN
2021-01-01 12:38:00,38119.33,-2696.33,-12829.92,40310.66,GAN
2021-01-01 12:39:00,38119.18,-2696.41,-12829.94,40310.57,GAN
2021-01-01 12:40:00,38119.12,-2696.35,-12829.95,40310.56,GAN
2021-01-01 12:41:00,38119.10,-2696.31,-12829.97,40310.50,GAN
2021-01-01 12:42:00,38119.08,-2696.33,-12829.95,40310.56,GAN
2021-01-01 12:43:00,38119.04,-2696.40,-12829.92,40310.51,GAN
2021-01-01 12:44:00,38119.17,-2696.43,-12829.84,40310.58,GAN
2021-01-01 12:45:00,38119.28,-2696.45,-12829.72,40310.61,GAN
2021-01-01 12:46:00,38119.32,-2696.45,-12829.72,40310.68,GAN
2021-01-01 12:47:00,38119.26,-2696.45,-12829.77,40310.61,GAN
2021-01-01 12:48:00,38119.04,-2696.51,-12829.85,40310.46,GAN
2021-01-01 12:49:00,38118.98,-2696.50,-12829.88,40310.40,GAN
2021-01-01 12:50:00,38118.99,-2696.49,-12829.79,40310.46,GAN
2021-01-01 12:51:00,38119.05,-2696.47,-12829.76,40310.45,GAN
2021-01-01 12:52:00,38118.94,-2696.50,-12829.79,40310.36,GAN
2021-01-01 12:53:00,38118.87,-2696.54,-12829.80,40310.32,GAN
2021-01-01 12:54:00,38118.94,-2696.61,-12829.76,40310.30,GAN
2021-01-01 12:55:00,38118.90,-2696.60,-12829.72,40310.26,GAN
2021-01-01 12:56:00,38118.89,-2696.61,-12829.68,40310.26,GAN
2021-01-01 12:57:00,38118.84,-2696.62,-12829.72,40310.14,GAN
2021-01-01 12:58:00,38118.93,-2696.63,-12829.68,40310.30,GAN
2021-01-01 12:59:00,38118.98,-2696.66,-12829.61,40310.30,GAN
2021-01-01 13:00:00,38119.02,-2696.54,-12829.55,40310.38,GAN
2021-01-01 13:01:00,38118.95,-2696.56,-12829.50,40310.29,GAN
2021-01-01 13:02:00,38118.97,-2696.53,-12829.49,40310.29,GAN
2021-01-01 13:03:00,38118.82,-2696.51,-12829.53,40310.24,GAN
2021-01-01 13:04:00,38118.86,-2696.41,-12829.49,40310.21,GAN
2021-01-01 13:05:00,38118.87,-2696.37,-12829.43,40310.20,GAN
2021-01-01 13:06:00,38118.93,-2696.40,-12829.41,40310.25,GAN
2021-01-01 13:07:00,38119.00,-2696.39,-12829.38,40310.25,GAN
2021-01-01 13:08:00,38119.10,-2696.38,-12829.32,40310.25,GAN
2021-01-01 13:09:00,38119.15,-2696.41,-12829.25,40310.40,GAN
2021-01-01 13:10:00,38119.25,-2696.35,-12829.16,40310.41,GAN
2021-01-01 13:11:00,38119.28,-2696.34,-12829.14,40310.39,GAN
2021-01-01 13:12:00,38119.36,-2696.28,-12829.08,40310.49,GAN
2021-01-01 13:13:00,38119.33,-2696.29,-12829.07,40310.44,GAN
2021-01-01 13:14:00,38119.41,-2696.29,-12828.98,40310.55,GAN
2021-01-01 13:15:00,38119.50,-2696.25,-12828.91,40310.56,GAN
2021-01-01 13:16:00,38119.45,-2696.30,-12828.91,40310.56,GAN
2021-01-01 13:17:00,38119.41,-2696.36,-12828.90,40310.52,GAN
2021-01-01 13:18:00,38119.50,-2696.27,-12828.84,40310.57,GAN
2021-01-01 13:19:00,38119.56,-2696.25,-12828.77,40310.60,GAN
2021-01-01 13:20:00,38119.42,-2696.34,-12828.76,40310.50,GAN
2021-01-01 13:21:00,38119.36,-2696.33,-12828.78,40310.41,GAN
2021-01-01 13:22:00,38119.31,-2696.25,-12828.78,40310.31,GAN
2021-01-01 13:23:00,38119.34,-2696.28,-12828.75,40310.36,GAN
2021-01-01 13:24:00,38119.29,-2696.34,-12828.76,40310.35,GAN
2021-01-01 13:25:00,38119.19,-2696.30,-12828.73,40310.25,GAN
2021-01-01 13:26:00,38119.15,-2696.35,-12828.78,40310.24,GAN
2021-01-01 13:27:00,38119.14,-2696.37,-12828.73,40310.24,GAN
2021-01-01 13:28:00,38118.93,-2696.36,-12828.79,40310.07,GAN
2021-01-01 13:29:00,38118.76,-2696.38,-12828.89,40309.99,GAN
2021-01-01 13:30:00,38118.63,-2696.28,-12828.94,40309.78,GAN
2021-01-01 13:31:00,38118.60,-2696.20,-12828.95,40309.77,GAN
2021-01-01 13:32:00,38118.59,-2696.15,-12828.92,40309.74,GAN
2021-01-01 13:33:00,38118.49,-2696.00,-12828.94,40309.62,GAN
2021-01-01 13:34:00,38118.36,-2695.82,-12828.98,40309.49,GAN
2021-01-01 13:35:00,38118.34,-2695.73,-12828.93,40309.55,GAN
2021-01-01 13:36:00,38118.41,-2695.69,-12828.90,40309.57,GAN
2021-01-01 13:37:00,38118.52,-2695.63,-12828.84,40309.64,GAN
2021-01-01 13:38:00,38118.61,-2695.63,-12828.85,40309.63,GAN
2021-01-01 13:39:00,38118.49,-2695.57,-12828.83,40309.54,GAN
2021-01-01 13:40:00,38118.42,-2695.47,-12828.81,40309.51,GAN
2021-01-01 13:41:00,38118.41,-2695.31,-12828.80,40309.53,GAN
2021-01-01 13:42:00,38118.44,-2695.18,-12828.82,40309.52,GAN
2021-01-01 13:43:00,38118.48,-2695.14,-12828.77,40309.57,GAN
2021-01-01 13:44:00,38118.66,-2695.08,-12828.69,40309.68,GAN
2021-01-01 13:45:00,38118.59,-2694.91,-12828.71,40309.56,GAN
2021-01-01 13:46:00,38118.79,-2694.97,-12828.68,40309.66,GAN
2021-01-01 13:47:00,38118.86,-2694.90,-12828.62,40309.72,GAN
2021-01-01 13:48:00,38118.90,-2694.93,-12828.57,40309.80,GAN
2021-01-01 13:49:00,38118.89,-2694.83,-12828.56,40309.77,GAN
2021-01-01 13:50:00,38118.91,-2694.72,-12828.53,40309.82,GAN
2021-01-01 13:51:00,38118.90,-2694.69,-12828.49,40309.82,GAN
2021-01-01 13:52:00,38118.91,-2694.62,-12828.48,40309.83,GAN
2021-01-01 13:53:00,38119.03,-2694.64,-12828.44,40309.92,GAN
2021-01-01 13:54:00,38118.98,-2694.40,-12828.48,40309.84,GAN
2021-01-01 13:55:00,38119.03,-2694.63,-12828.46,40309.88,GAN
2021-01-01 13:56:00,38119.08,-2694.71,-12828.44,40309.96,GAN
2021-01-01 13:57:00,38118.92,-2694.57,-12828.51,40309.77,GAN
2021-01-01 13:58:00,38118.94,-2694.69,-12828.51,40309.86,GAN
2021-01-01 13:59:00,38119.09,-2694.80,-12828.47,40309.98,GAN
2021-01-01 14:00:00,38118.97,-2694.82,-12828.52,40309.97,GAN
2021-01-01 14:01:00,38118.84,-2694.81,-12828.57,40309.85,GAN
2021-01-01 14:02:00,38118.88,-2694.92,-12828.62,40309.85,GAN
2021-01-01 14:03:00,38118.92,-2694.81,-12828.58,40309.92,GAN
2021-01-01 14:04:00,38118.97,-2694.76,-12828.56,40309.92,GAN
2021-01-01 14:05:00,38119.01,-2694.76,-12828.59,40309.97,GAN
2021-01-01 14:06:00,38119.09,-2694.86,-12828.58,40310.10,GAN
2021-01-01 14:07:00,38119.15,-2694.73,-12828.56,40310.05,GAN
2021-01-01 14:08:00,38119.14,-2694.78,-12828.61,40310.00,GAN
2021-01-01 14:09:00,38119.17,-2694.78,-12828.61,40310.07,GAN
2021-01-01 14:10:00,38119.19,-2694.72,-12828.61,40310.11,GAN
2021-01-01 14:11:00,38119.07,-2694.57,-12828.66,40309.99,GAN
2021-01-01 14:12:00,38119.01,-2694.76,-12828.70,40310.03,GAN
2021-01-01 14:13:00,38119.00,-2694.86,-12828.71,40310.02,GAN
2021-01-01 14:14:00,38118.87,-2694.91,-12828.82,40309.91,GAN
2021-01-01 14:15:00,38118.67,-2694.79,-12828.91,40309.77,GAN
2021-01-01 14:16:00,38118.49,-2694.89,-12829.00,40309.61,GAN
2021-01-01 14:17:00,38118.46,-2694.76,-12829.03,40309.61,GAN
2021-01-01 14:18:00,38118.33,-2694.49,-12829.12,40309.51,GAN
2021-01-01 14:19:00,38118.41,-2694.63,-12829.11,40309.60,GAN
2021-01-01 14:20:00,38118.35,-2694.84,-12829.14,40309.57,GAN
2021-01-01 14:21:00,38118.53,-2694.61,-12829.08,40309.66,GAN
2021-01-01 14:22:00,38118.48,-2694.88,-12829.10,40309.59,GAN
2021-01-01 14:23:00,38118.43,-2694.95,-12829.14,40309.64,GAN
2021-01-01 14:24:00,38118.21,-2694.86,-12829.26,40309.41,GAN
2021-01-01 14:25:00,38118.14,-2694.82,-12829.30,40309.42,GAN
2021-01-01 14:26:00,38117.96,-2694.68,-12829.36,40309.24,GAN
2021-01-01 14:27:00,38117.82,-2694.64,-12829.44,40309.08,GAN
2021-01-01 14:28:00,38117.71,-2694.78,-12829.53,40309.05,GAN
2021-01-01 14:29:00,38117.50,-2694.74,-12829.58,40308.87,GAN
2021-01-01 14:30:00,38117.40,-2694.82,-12829.65,40308.79,GAN
2021-01-01 14:31:00,38117.30,-2695.01,-12829.74,40308.76,GAN
2021-01-01 14:32:00,38117.19,-2695.01,-12829.82,40308.68,GAN
2021-01-01 14:33:00,38116.98,-2695.07,-12829.93,40308.49,GAN
2021-01-01 14:34:00,38116.90,-2695.08,-12830.00,40308.40,GAN
2021-01-01 14:35:00,38116.71,-2694.91,-12830.05,40308.27,GAN
2021-01-01 14:36:00,38116.69,-2694.91,-12830.10,40308.24,GAN
2021-01-01 14:37:00,38116.53,-2695.02,-12830.15,40308.10,GAN
2021-01-01 14:38:00,38116.33,-2694.99,-12830.27,40307.99,GAN
2021-01-01 14:39:00,38116.24,-2695.04,-12830.33,40307.93,GAN
2021-01-01 14:40:00,38116.22,-2695.05,-12830.34,40307.88,GAN
2021-01-01 14:41:00,38116.16,-2694.95,-12830.38,40307.87,GAN
2021-01-01 14:42:00,38116.18,-2694.98,-12830.35,40307.83,GAN
2021-01-01 14:43:00,38116.16,-2695.00,-12830.37,40307.84,GAN
2021-01-01 14:44:00,38116.20,-2695.00,-12830.39,40307.87,GAN
2021-01-01 14:45:00,38116.24,-2695.01,-12830.37,40307.87,GAN
2021-01-01 14:46:00,38116.19,-2694.96,-12830.37,40307.86,GAN
2021-01-01 14:47:00,38116.12,-2694.85,-12830.37,40307.80,GAN
2021-01-01 14:48:00,38116.12,-2694.80,-12830.39,40307.75,GAN
2021-01-01 14:49:00,38116.11,-2694.74,-12830.42,40307.78,GAN
2021-01-01 14:50:00,38116.16,-2694.62,-12830.37,40307.81,GAN
2021-01-01 14:51:00,38116.12,-2694.63,-12830.38,40307.77,GAN
2021-01-01 14:52:00,38116.12,-2694.66,-12830.37,40307.77,GAN
2021-01-01 14:53:00,38116.07,-2694.82,-12830.39,40307.79,GAN
2021-01-01 14:54:00,38116.05,-2694.92,-12830.42,40307.75,GAN
2021-01-01 14:55:00,38116.22,-2694.88,-12830.31,40307.83,GAN
2021-01-01 14:56:00,38116.42,-2694.96,-12830.26,40308.00,GAN
2021-01-01 14:57:00,38116.59,-2694.97,-12830.20,40308.15,GAN
2021-01-01 14:58:00,38116.76,-2694.99,-12830.12,40308.26,GAN
2021-01-01 14:59:00,38116.89,-2695.04,-12830.05,40308.38,GAN
2021-01-01 15:00:00,38116.96,-2695.17,-12830.00,40308.49,GAN
2021-01-01 15:01:00,38117.05,-2695.29,-12829.95,40308.55,GAN
2021-01-01 15:02:00,38116.98,-2695.20,-12829.98,40308.50,GAN
2021-01-01 15:03:00,38116.87,-2695.06,-12830.03,40308.42,GAN
2021-01-01 15:04:00,38116.66,-2695.04,-12830.06,40308.27,GAN
2021-01-01 15:05:00,38116.58,-2694.91,-12830.16,40308.12,GAN
2021-01-01 15:06:00,38116.36,-2694.87,-12830.23,40307.98,GAN
2021-01-01 15:07:00,38116.47,-2694.98,-12830.19,40308.08,GAN
2021-01-01 15:08:00,38116.39,-2694.98,-12830.22,40307.92,GAN
2021-01-01 15:09:00,38116.26,-2694.78,-12830.26,40307.88,GAN
2021-01-01 15:10:00,38116.10,-2694.79,-12830.33,40307.78,GAN
2021-01-01 15:11:00,38115.96,-2694.82,-12830.39,40307.66,GAN
2021-01-01 15:12:00,38115.94,-2694.76,-12830.43,40307.61,GAN
2021-01-01 15:13:00,38115.89,-2694.72,-12830.43,40307.58,GAN
2021-01-01 15:14:00,38115.74,-2694.77,-12830.50,40307.47,GAN
2021-01-01 15:15:00,38115.73,-2694.63,-12830.50,40307.45,GAN
2021-01-01 15:16:00,38115.80,-2694.76,-12830.51,40307.53,GAN
2021-01-01 15:17:00,38115.65,-2694.73,-12830.50,40307.39,GAN
2021-01-01 15:18:00,38115.49,-2694.68,-12830.56,40307.33,GAN
2021-01-01 15:19:00,38115.60,-2694.77,-12830.54,40307.39,GAN
2021-01-01 15:20:00,38115.70,-2694.87,-12830.50,40307.50,GAN
2021-01-01 15:21:00,38115.38,-2694.63,-12830.58,40307.19,GAN
2021-01-01 15:22:00,38115.34,-2694.82,-12830.65,40307.12,GAN
2021-01-01 15:23:00,38115.21,-2694.94,-12830.68,40307.08,GAN
2021-01-01 15:24:00,38115.15,-2694.99,-12830.74,40307.03,GAN
2021-01-01 15:25:00,38115.05,-2695.12,-12830.76,40306.98,GAN
2021-01-01 15:26:00,38114.81,-2695.06,-12830.85,40306.80,GAN
2021-01-01 15:27:00,38114.79,-2695.00,-12830.88,40306.71,GAN
2021-01-01 15:28:00,38114.63,-2695.00,-12830.92,40306.61,GAN
2021-01-01 15:29:00,38114.50,-2694.97,-12831.01,40306.51,GAN
2021-01-01 15:30:00,38114.58,-2695.16,-12831.00,40306.60,GAN
2021-01-01 15:31:00,38114.50,-2695.20,-12831.03,40306.53,GAN
2021-01-01 15:32:00,38114.41,-2695.14,-12831.03,40306.45,GAN
2021-01-01 15:33:00,38114.38,-2695.31,-12831.03,40306.40,GAN
2021-01-01 15:34:00,38114.36,-2695.15,-12831.07,40306.37,GAN
2021-01-01 15:35:00,38114.25,-2695.11,-12831.08,40306.33,GAN
2021-01-01 15:36:00,38114.05,-2695.21,-12831.17,40306.10,GAN
2021-01-01 15:37:00,38113.94,-2695.17,-12831.23,40306.04,GAN
2021-01-01 15:38:00,38113.89,-2695.18,-12831.29,40306.01,GAN
2021-01-01 15:39:00,38113.76,-2695.10,-12831.35,40305.90,GAN
2021-01-01 15:40:00,38113.65,-2695.13,-12831.40,40305.79,GAN
2021-01-01 15:41:00,38113.53,-2695.13,-12831.38,40305.69,GAN
2021-01-01 15:42:00,38113.32,-2695.17,-12831.42,40305.57,GAN
2021-01-01 15:43:00,38113.22,-2695.16,-12831.53,40305.44,GAN
2021-01-01 15:44:00,38113.30,-2695.15,-12831.47,40305.51,GAN
2021-01-01 15:45:00,38113.76,-2695.19,-12831.35,40305.84,GAN
2021-01-01 15:46:00,38114.09,-2695.24,-12831.05,40306.19,GAN
2021-01-01 15:47:00,38112.06,-2695.11,-12831.89,40304.52,GAN
2021-01-01 15:48:00,38113.19,-2695.59,-12831.63,40305.47,GAN
2021-01-01 15:49:00,38113.53,-2695.37,-12831.41,40305.74,GAN
2021-01-01 15:50:00,38113.12,-2695.40,-12831.53,40305.39,GAN
2021-01-01 15:51:00,38112.77,-2695.80,-12831.67,40305.10,GAN
2021-01-01 15:52:00,38112.27,-2695.66,-12831.88,40304.75,GAN
2021-01-01 15:53:00,38112.83,-2695.67,-12831.69,40305.21,GAN
2021-01-01 15:54:00,38112.51,-2695.50,-12831.76,40304.94,GAN
2021-01-01 15:55:00,38111.82,-2695.18,-12831.99,40304.34,GAN
2021-01-01 15:56:00,38112.52,-2695.86,-12831.84,40304.95,GAN
2021-01-01 15:57:00,38112.46,-2695.68,-12831.78,40304.86,GAN
2021-01-01 15:58:00,38112.02,-2695.18,-12831.93,40304.47,GAN
2021-01-01 15:59:00,38111.92,-2695.33,-12832.00,40304.45,GAN
2021-01-01 16:00:00,38112.25,-2695.41,-12831.82,40304.71,GAN
2021-01-01 16:01:00,38112.08,-2695.32,-12831.88,40304.50,GAN
2021-01-01 16:02:00,38112.16,-2695.43,-12831.91,40304.62,GAN
2021-01-01 16:03:00,38112.18,-2695.43,-12831.85,40304.70,GAN
2021-01-01 16:04:00,38112.26,-2695.33,-12831.84,40304.66,GAN
2021-01-01 16:05:00,38112.65,-2695.41,-12831.66,40305.00,GAN
2021-01-01 16:06:00,38112.73,-2695.36,-12831.60,40305.07,GAN
2021-01-01 16:07:00,38113.14,-2695.48,-12831.43,40305.47,GAN
2021-01-01 16:08:00,38113.28,-2695.27,-12831.34,40305.47,GAN
2021-01-01 16:09:00,38113.12,-2694.90,-12831.34,40305.35,GAN
2021-01-01 16:10:00,38113.48,-2694.63,-12831.20,40305.59,GAN
2021-01-01 16:11:00,38113.66,-2694.19,-12831.04,40305.66,GAN
2021-01-01 16:12:00,38113.64,-2694.07,-12831.07,40305.66,GAN
2021-01-01 16:13:00,38113.81,-2694.29,-12830.96,40305.83,GAN
2021-01-01 16:14:00,38113.73,-2694.59,-12830.97,40305.72,GAN
2021-01-01 16:15:00,38113.83,-2695.23,-12830.94,40305.88,GAN
2021-01-01 16:16:00,38113.70,-2696.17,-12831.03,40305.82,GAN
2021-01-01 16:17:00,38113.35,-2696.77,-12831.24,40305.61,GAN
2021-01-01 16:18:00,38113.34,-2696.91,-12831.25,40305.61,GAN
2021-01-01 16:19:00,38112.88,-2696.60,-12831.43,40305.24,GAN
2021-01-01 16:20:00,38112.86,-2696.51,-12831.49,40305.21,GAN
2021-01-01 16:21:00,38112.48,-2696.79,-12831.58,40304.90,GAN
2021-01-01 16:22:00,38112.26,-2697.06,-12831.73,40304.71,GAN
2021-01-01 16:23:00,38112.62,-2697.51,-12831.60,40305.10,GAN
2021-01-01 16:24:00,38112.28,-2697.61,-12831.71,40304.85,GAN
2021-01-01 16:25:00,38111.81,-2697.47,-12831.93,40304.41,GAN
2021-01-01 16:26:00,38111.35,-2696.97,-12832.10,40304.05,GAN
2021-01-01 16:27:00,38111.23,-2696.60,-12832.14,40303.86,GAN
2021-01-01 16:28:00,38111.34,-2696.65,-12832.10,40304.01,GAN
2021-01-01 16:29:00,38111.45,-2696.68,-12832.01,40304.10,GAN
2021-01-01 16:30:00,38111.66,-2696.93,-12831.90,40304.28,GAN
2021-01-01 16:31:00,38111.81,-2697.06,-12831.80,40304.40,GAN
2021-01-01 16:32:00,38111.90,-2697.01,-12831.75,40304.47,GAN
2021-01-01 16:33:00,38111.94,-2696.94,-12831.67,40304.50,GAN
2021-01-01 16:34:00,38111.95,-2696.92,-12831.65,40304.43,GAN
2021-01-01 16:35:00,38112.19,-2697.06,-12831.57,40304.69,GAN
2021-01-01 16:36:00,38112.12,-2697.00,-12831.57,40304.63,GAN
2021-01-01 16:37:00,38112.32,-2697.11,-12831.50,40304.76,GAN
2021-01-01 16:38:00,38112.41,-2697.19,-12831.43,40304.79,GAN
2021-01-01 16:39:00,38112.44,-2697.25,-12831.35,40304.85,GAN
2021-01-01 16:40:00,38112.71,-2697.37,-12831.18,40305.02,GAN
2021-01-01 16:41:00,38112.47,-2697.29,-12831.26,40304.86,GAN
2021-01-01 16:42:00,38112.67,-2697.34,-12831.18,40305.03,GAN
2021-01-01 16:43:00,38112.32,-2697.22,-12831.35,40304.71,GAN
2021-01-01 16:44:00,38112.41,-2697.25,-12831.27,40304.79,GAN
2021-01-01 16:45:00,38112.31,-2697.22,-12831.21,40304.58,GAN
2021-01-01 16:46:00,38112.24,-2697.20,-12831.27,40304.62,GAN
2021-01-01 16:47:00,38112.43,-2697.23,-12831.09,40304.78,GAN
2021-01-01 16:48:00,38112.33,-2697.17,-12831.15,40304.68,GAN
2021-01-01 16:49:00,38112.66,-2697.27,-12831.01,40304.93,GAN
2021-01-01 16:50:00,38112.60,-2697.25,-12830.97,40304.85,GAN
2021-01-01 16:51:00,38112.77,-2697.34,-12830.90,40305.00,GAN
2021-01-01 16:52:00,38112.83,-2697.36,-12830.84,40305.06,GAN
2021-01-01 16:53:00,38112.86,-2697.38,-12830.81,40305.08,GAN
2021-01-01 16:54:00,38112.91,-2697.50,-12830.76,40305.11,GAN
2021-01-01 16:55:00,38112.85,-2697.49,-12830.72,40305.08,GAN
2021-01-01 16:56:00,38112.84,-2697.51,-12830.73,40305.02,GAN
2021-01-01 16:57:00,38112.92,-2697.62,-12830.71,40305.07,GAN
2021-01-01 16:58:00,38112.71,-2697.59,-12830.72,40304.92,GAN
2021-01-01 16:59:00,38112.60,-2697.43,-12830.74,40304.83,GAN
2021-01-01 17:00:00,38112.43,-2697.28,-12830.74,40304.69,GAN
2021-01-01 17:01:00,38112.32,-2697.09,-12830.79,40304.51,GAN
2021-01-01 17:02:00,38112.37,-2697.12,-12830.69,40304.63,GAN
2021-01-01 17:03:00,38112.25,-2697.17,-12830.71,40304.51,GAN
2021-01-01 17:04:00,38112.27,-2697.32,-12830.63,40304.50,GAN
2021-01-01 17:05:00,38112.27,-2697.31,-12830.65,40304.50,GAN
2021-01-01 17:06:00,38112.31,-2697.22,-12830.60,40304.53,GAN
2021-01-01 17:07:00,38112.30,-2697.16,-12830.53,40304.53,GAN
2021-01-01 17:08:00,38112.49,-2697.13,-12830.45,40304.64,GAN
2021-01-01 17:09:00,38112.47,-2697.15,-12830.45,40304.61,GAN
2021-01-01 17:10:00,38112.43,-2697.04,-12830.42,40304.55,GAN
2021-01-01 17:11:00,38112.46,-2697.03,-12830.32,40304.56,GAN
2021-01-01 17:12:00,38112.41,-2697.05,-12830.36,40304.52,GAN
2021-01-01 17:13:00,38112.67,-2697.24,-12830.24,40304.77,GAN
2021-01-01 17:14:00,38112.67,-2697.24,-12830.17,40304.75,GAN
2021-01-01 17:15:00,38112.88,-2697.26,-12830.02,40304.89,GAN
2021-01-01 17:16:00,38112.95,-2697.24,-12829.96,40304.98,GAN
2021-01-01 17:17:00,38112.93,-2697.17,-12829.97,40304.90,GAN
2021-01-01 17:18:00,38113.29,-2697.27,-12829.78,40305.20,GAN
2021-01-01 17:19:00,38113.42,-2697.21,-12829.67,40305.28,GAN
2021-01-01 17:20:00,38113.53,-2697.18,-12829.58,40305.34,GAN
2021-01-01 17:21:00,38113.63,-2697.13,-12829.51,40305.43,GAN
2021-01-01 17:22:00,38113.66,-2697.09,-12829.43,40305.31,GAN
2021-01-01 17:23:00,38113.72,-2697.13,-12829.39,40305.45,GAN
2021-01-01 17:24:00,38113.93,-2697.25,-12829.29,40305.62,GAN
2021-01-01 17:25:00,38114.01,-2697.26,-12829.22,40305.64,GAN
2021-01-01 17:26:00,38113.99,-2697.25,-12829.15,40305.69,GAN
2021-01-01 17:27:00,38114.14,-2697.31,-12829.06,40305.78,GAN
2021-01-01 17:28:00,38114.22,-2697.30,-12829.01,40305.81,GAN
2021-01-01 17:29:00,38114.21,-2697.27,-12828.97,40305.81,GAN
2021-01-01 17:30:00,38114.17,-2697.25,-12828.93,40305.79,GAN
2021-01-01 17:31:00,38114.19,-2697.18,-12828.91,40305.77,GAN
2021-01-01 17:32:00,38114.17,-2697.12,-12828.87,40305.72,GAN
2021-01-01 17:33:00,38114.23,-2697.04,-12828.82,40305.77,GAN
2021-01-01 17:34:00,38114.28,-2697.05,-12828.74,40305.79,GAN
2021-01-01 17:35:00,38114.49,-2697.14,-12828.68,40305.94,GAN
2021-01-01 17:36:00,38114.80,-2697.30,-12828.51,40306.22,GAN
2021-01-01 17:37:00,38114.93,-2697.33,-12828.45,40306.27,GAN
2021-01-01 17:38:00,38115.03,-2697.34,-12828.33,40306.33,GAN
2021-01-01 17:39:00,38115.15,-2697.33,-12828.26,40306.48,GAN
2021-01-01 17:40:00,38115.31,-2697.37,-12828.18,40306.62,GAN
2021-01-01 17:41:00,38115.45,-2697.35,-12828.10,40306.68,GAN
2021-01-01 17:42:00,38115.61,-2697.30,-12827.97,40306.76,GAN
2021-01-01 17:43:00,38115.64,-2697.23,-12827.94,40306.76,GAN
2021-01-01 17:44:00,38115.68,-2697.19,-12827.92,40306.78,GAN
2021-01-01 17:45:00,38115.74,-2697.23,-12827.85,40306.80,GAN
2021-01-01 17:46:00,38115.75,-2697.25,-12827.81,40306.87,GAN
2021-01-01 17:47:00,38115.68,-2697.27,-12827.83,40306.79,GAN
2021-01-01 17:48:00,38115.57,-2697.25,-12827.87,40306.66,GAN
2021-01-01 17:49:00,38115.45,-2697.17,-12827.90,40306.55,GAN
2021-01-01 17:50:00,38115.22,-2697.13,-12827.92,40306.40,GAN
2021-01-01 17:51:00,38115.14,-2697.04,-12827.95,40306.32,GAN
2021-01-01 17:52:00,38115.05,-2697.02,-12827.99,40306.20,GAN
2021-01-01 17:53:00,38115.05,-2697.00,-12827.97,40306.16,GAN
2021-01-01 17:54:00,38114.96,-2696.98,-12827.93,40306.13,GAN
2021-01-01 17:55:00,38115.04,-2696.98,-12827.87,40306.18,GAN
2021-01-01 17:56:00,38115.09,-2696.96,-12827.86,40306.19,GAN
2021-01-01 17:57:00,38115.13,-2696.95,-12827.80,40306.20,GAN
2021-01-01 17:58:00,38115.16,-2696.95,-12827.71,40306.24,GAN
2021-01-01 17:59:00,38115.17,-2696.94,-12827.71,40306.22,GAN
2021-01-01 18:00:00,38115.20,-2696.94,-12827.63,40306.24,GAN
2021-01-01 18:01:00,38115.25,-2696.92,-12827.58,40306.31,GAN
2021-01-01 18:02:00,38115.30,-2696.95,-12827.55,40306.36,GAN
2021-01-01 18:03:00,38115.37,-2696.96,-12827.47,40306.36,GAN
2021-01-01 18:04:00,38115.40,-2696.95,-12827.45,40306.44,GAN
2021-01-01 18:05:00,38115.40,-2696.95,-12827.40,40306.48,GAN
2021-01-01 18:06:00,38115.46,-2696.92,-12827.33,40306.50,GAN
2021-01-01 18:07:00,38115.54,-2696.92,-12827.31,40306.55,GAN
2021-01-01 18:08:00,38115.57,-2696.89,-12827.23,40306.56,GAN
2021-01-01 18:09:00,38115.59,-2696.88,-12827.21,40306.57,GAN
2021-01-01 18:10:00,38115.61,-2696.86,-12827.18,40306.51,GAN
2021-01-01 18:11:00,38115.63,-2696.84,-12827.18,40306.57,GAN
2021-01-01 18:12:00,38115.68,-2696.85,-12827.18,40306.60,GAN
2021-01-01 18:13:00,38115.69,-2696.83,-12827.12,40306.58,GAN
2021-01-01 18:14:00,38115.76,-2696.86,-12827.08,40306.63,GAN
2021-01-01 18:15:00,38115.76,-2696.84,-12827.08,40306.67,GAN
2021-01-01 18:16:00,38115.76,-2696.84,-12827.04,40306.65,GAN
2021-01-01 18:17:00,38115.86,-2696.83,-12827.02,40306.69,GAN
2021-01-01 18:18:00,38115.85,-2696.80,-12826.97,40306.78,GAN
2021-01-01 18:19:00,38115.88,-2696.80,-12826.91,40306.76,GAN
2021-01-01 18:20:00,38115.93,-2696.85,-12826.87,40306.77,GAN
2021-01-01 18:21:00,38116.02,-2696.83,-12826.80,40306.83,GAN
2021-01-01 18:22:00,38116.07,-2696.83,-12826.76,40306.83,GAN
2021-01-01 18:23:00,38116.16,-2696.86,-12826.72,40306.95,GAN
2021-01-01 18:24:00,38116.19,-2696.82,-12826.69,40306.96,GAN
2021-01-01 18:25:00,38116.24,-2696.81,-12826.68,40307.00,GAN
2021-01-01 18:26:00,38116.24,-2696.83,-12826.64,40306.97,GAN
2021-01-01 18:27:00,38116.27,-2696.81,-12826.64,40306.99,GAN
2021-01-01 18:28:00,38116.28,-2696.80,-12826.58,40307.00,GAN
2021-01-01 18:29:00,38116.26,-2696.76,-12826.55,40306.98,GAN
2021-01-01 18:30:00,38116.25,-2696.75,-12826.57,40306.94,GAN
2021-01-01 18:31:00,38116.25,-2696.72,-12826.51,40306.95,GAN
2021-01-01 18:32:00,38116.25,-2696.72,-12826.50,40306.95,GAN
2021-01-01 18:33:00,38116.29,-2696.73,-12826.51,40306.90,GAN
2021-01-01 18:34:00,38116.22,-2696.74,-12826.53,40306.90,GAN
2021-01-01 18:35:00,38116.16,-2696.76,-12826.51,40306.85,GAN
2021-01-01 18:36:00,38116.14,-2696.72,-12826.54,40306.81,GAN
2021-01-01 18:37:00,38116.08,-2696.71,-12826.54,40306.76,GAN
2021-01-01 18:38:00,38115.98,-2696.68,-12826.51,40306.70,GAN
2021-01-01 18:39:00,38115.99,-2696.70,-12826.50,40306.70,GAN
2021-01-01 18:40:00,38115.96,-2696.68,-12826.50,40306.68,GAN
2021-01-01 18:41:00,38116.04,-2696.70,-12826.50,40306.69,GAN
2021-01-01 18:42:00,38116.02,-2696.73,-12826.49,40306.69,GAN
2021-01-01 18:43:00,38116.04,-2696.76,-12826.44,40306.71,GAN
2021-01-01 18:44:00,38116.07,-2696.74,-12826.44,40306.63,GAN
2021-01-01 18:45:00,38115.99,-2696.72,-12826.45,40306.65,GAN
2021-01-01 18:46:00,38115.96,-2696.72,-12826.45,40306.68,GAN
2021-01-01 18:47:00,38115.92,-2696.72,-12826.46,40306.63,GAN
2021-01-01 18:48:00,38115.96,-2696.72,-12826.42,40306.63,GAN
2021-01-01 18:49:00,38115.96,-2696.72,-12826.44,40306.67,GAN
2021-01-01 18:50:00,38115.95,-2696.74,-12826.42,40306.71,GAN
2021-01-01 18:51:00,38115.95,-2696.69,-12826.42,40306.66,GAN
2021-01-01 18:52:00,38116.03,-2696.67,-12826.36,40306.72,GAN
2021-01-01 18:53:00,38116.09,-2696.76,-12826.31,40306.76,GAN
2021-01-01 18:54:00,38116.19,-2696.78,-12826.25,40306.82,GAN
2021-01-01 18:55:00,38116.42,-2696.82,-12826.13,40306.91,GAN
2021-01-01 18:56:00,38116.47,-2696.77,-12826.02,40306.99,GAN
2021-01-01 18:57:00,38116.47,-2696.79,-12826.05,40307.02,GAN
2021-01-01 18:58:00,38116.63,-2696.87,-12825.98,40307.13,GAN
2021-01-01 18:59:00,38116.87,-2696.89,-12825.92,40307.33,GAN
2021-01-01 19:00:00,38116.92,-2696.79,-12825.89,40307.33,GAN
2021-01-01 19:01:00,38116.81,-2696.71,-12825.89,40307.26,GAN
2021-01-01 19:02:00,38116.94,-2696.76,-12825.84,40307.37,GAN
2021-01-01 19:03:00,38117.04,-2696.81,-12825.73,40307.45,GAN
2021-01-01 19:04:00,38117.06,-2696.84,-12825.64,40307.47,GAN
2021-01-01 19:05:00,38117.11,-2696.81,-12825.60,40307.51,GAN
2021-01-01 19:06:00,38117.09,-2696.73,-12825.62,40307.52,GAN
2021-01-01 19:07:00,38117.19,-2696.72,-12825.61,40307.53,GAN
2021-01-01 19:08:00,38117.30,-2696.68,-12825.49,40307.57,GAN
2021-01-01 19:09:00,38117.50,-2696.70,-12825.44,40307.76,GAN
2021-01-01 19:10:00,38117.73,-2696.74,-12825.38,40307.93,GAN
2021-01-01 19:11:00,38117.89,-2696.76,-12825.29,40308.02,GAN
2021-01-01 19:12:00,38118.01,-2696.74,-12825.21,40308.19,GAN
2021-01-01 19:13:00,38118.08,-2696.72,-12825.13,40308.25,GAN
2021-01-01 19:14:00,38118.19,-2696.75,-12825.10,40308.27,GAN
2021-01-01 19:15:00,38118.22,-2696.78,-12825.01,40308.40,GAN
2021-01-01 19:16:00,38118.21,-2696.83,-12825.03,40308.38,GAN
2021-01-01 19:17:00,38118.24,-2696.87,-12825.01,40308.37,GAN
2021-01-01 19:18:00,38118.09,-2696.86,-12824.98,40308.25,GAN
2021-01-01 19:19:00,38118.04,-2696.87,-12825.09,40308.16,GAN
2021-01-01 19:20:00,38118.01,-2696.84,-12825.07,40308.16,GAN
2021-01-01 19:21:00,38118.05,-2696.81,-12825.02,40308.18,GAN
2021-01-01 19:22:00,38118.06,-2696.75,-12825.00,40308.14,GAN
2021-01-01 19:23:00,38118.09,-2696.72,-12824.92,40308.25,GAN
2021-01-01 19:24:00,38118.08,-2696.75,-12824.95,40308.18,GAN
2021-01-01 19:25:00,38118.06,-2696.75,-12824.98,40308.18,GAN
2021-01-01 19:26:00,38118.06,-2696.75,-12824.93,40308.19,GAN
2021-01-01 19:27:00,38118.04,-2696.78,-12824.94,40308.14,GAN
2021-01-01 19:28:00,38118.03,-2696.75,-12824.94,40308.11,GAN
2021-01-01 19:29:00,38118.06,-2696.74,-12824.92,40308.13,GAN
2021-01-01 19:30:00,38118.04,-2696.71,-12824.88,40308.12,GAN
2021-01-01 19:31:00,38118.07,-2696.74,-12824.85,40308.15,GAN
2021-01-01 19:32:00,38118.05,-2696.75,-12824.87,40308.11,GAN
2021-01-01 19:33:00,38118.06,-2696.74,-12824.89,40308.08,GAN
2021-01-01 19:34:00,38118.06,-2696.73,-12824.84,40308.07,GAN
2021-01-01 19:35:00,38118.10,-2696.74,-12824.82,40308.12,GAN
2021-01-01 19:36:00,38118.31,-2696.80,-12824.73,40308.24,GAN
2021-01-01 19:37:00,38118.48,-2696.82,-12824.62,40308.38,GAN
2021-01-01 19:38:00,38118.64,-2696.86,-12824.51,40308.58,GAN
2021-01-01 19:39:00,38118.78,-2696.79,-12824.40,40308.67,GAN
2021-01-01 19:40:00,38118.98,-2696.77,-12824.36,40308.83,GAN
2021-01-01 19:41:00,38119.12,-2696.67,-12824.26,40308.95,GAN
2021-01-01 19:42:00,38119.16,-2696.58,-12824.23,40308.94,GAN
2021-01-01 19:43:00,38119.25,-2696.53,-12824.16,40309.01,GAN
2021-01-01 19:44:00,38119.29,-2696.58,-12824.12,40309.07,GAN
2021-01-01 19:45:00,38119.18,-2696.50,-12824.13,40308.89,GAN
2021-01-01 19:46:00,38119.12,-2696.49,-12824.17,40308.90,GAN
2021-01-01 19:47:00,38119.12,-2696.41,-12824.15,40308.86,GAN
2021-01-01 19:48:00,38118.99,-2696.42,-12824.21,40308.74,GAN
2021-01-01 19:49:00,38118.94,-2696.52,-12824.22,40308.71,GAN
2021-01-01 19:50:00,38118.70,-2696.52,-12824.29,40308.54,GAN
2021-01-01 19:51:00,38118.64,-2696.57,-12824.33,40308.45,GAN
2021-01-01 19:52:00,38118.37,-2696.56,-12824.38,40308.25,GAN
2021-01-01 19:53:00,38118.06,-2696.58,-12824.53,40308.05,GAN
2021-01-01 19:54:00,38117.92,-2696.70,-12824.62,40307.93,GAN
2021-01-01 19:55:00,38117.86,-2696.78,-12824.64,40307.84,GAN
2021-01-01 19:56:00,38117.71,-2696.84,-12824.70,40307.75,GAN
2021-01-01 19:57:00,38117.64,-2696.83,-12824.72,40307.69,GAN
2021-01-01 19:58:00,38117.62,-2696.79,-12824.74,40307.56,GAN
2021-01-01 19:59:00,38117.52,-2696.75,-12824.79,40307.56,GAN
2021-01-01 20:00:00,38117.39,-2696.80,-12824.87,40307.51,GAN
2021-01-01 20:01:00,38117.28,-2696.86,-12824.88,40307.40,GAN
2021-01-01 20:02:00,38117.26,-2696.89,-12824.89,40307.40,GAN
2021-01-01 20:03:00,38117.27,-2696.92,-12824.89,40307.42,GAN
2021-01-01 20:04:00,38117.24,-2696.95,-12824.91,40307.40,GAN
2021-01-01 20:05:00,38117.17,-2696.94,-12824.90,40307.36,GAN
2021-01-01 20:06:00,38117.07,-2696.96,-12824.93,40307.33,GAN
2021-01-01 20:07:00,38117.06,-2696.95,-12824.96,40307.30,GAN
2021-01-01 20:08:00,38117.04,-2696.96,-12824.96,40307.19,GAN
2021-01-01 20:09:00,38116.89,-2696.99,-12825.03,40307.10,GAN
2021-01-01 20:10:00,38116.67,-2696.96,-12825.11,40306.96,GAN
2021-01-01 20:11:00,38116.50,-2696.93,-12825.17,40306.80,GAN
2021-01-01 20:12:00,38116.46,-2696.92,-12825.20,40306.78,GAN
2021-01-01 20:13:00,38116.41,-2696.86,-12825.24,40306.69,GAN
2021-01-01 20:14:00,38116.43,-2696.88,-12825.24,40306.69,GAN
2021-01-01 20:15:00,38116.37,-2696.95,-12825.25,40306.66,GAN
2021-01-01 20:16:00,38116.34,-2697.01,-12825.23,40306.67,GAN
2021-01-01 20:17:00,38116.37,-2696.98,-12825.23,40306.64,GAN
2021-01-01 20:18:00,38116.27,-2697.00,-12825.24,40306.60,GAN
2021-01-01 20:19:00,38116.20,-2697.03,-12825.31,40306.55,GAN
2021-01-01 20:20:00,38116.05,-2697.02,-12825.32,40306.43,GAN
2021-01-01 20:21:00,38115.91,-2697.02,-12825.39,40306.29,GAN
2021-01-01 20:22:00,38115.81,-2697.06,-12825.38,40306.13,GAN
2021-01-01 20:23:00,38115.70,-2697.04,-12825.47,40306.13,GAN
2021-01-01 20:24:00,38115.58,-2697.06,-12825.52,40305.98,GAN
2021-01-01 20:25:00,38115.39,-2697.09,-12825.61,40305.84,GAN
2021-01-01 20:26:00,38115.16,-2697.20,-12825.70,40305.72,GAN
2021-01-01 20:27:00,38115.01,-2697.35,-12825.81,40305.55,GAN
2021-01-01 20:28:00,38114.78,-2697.40,-12825.94,40305.29,GAN
2021-01-01 20:29:00,38114.62,-2697.46,-12826.01,40305.22,GAN
2021-01-01 20:30:00,38114.53,-2697.49,-12826.04,40305.17,GAN
2021-01-01 20:31:00,38114.58,-2697.54,-12826.03,40305.21,GAN
2021-01-01 20:32:00,38114.48,-2697.56,-12826.03,40305.17,GAN
2021-01-01 20:33:00,38114.41,-2697.55,-12826.05,40305.12,GAN
2021-01-01 20:34:00,38114.41,-2697.50,-12826.08,40305.06,GAN
2021-01-01 20:35:00,38114.43,-2697.48,-12826.09,40305.08,GAN
2021-01-01 20:36:00,38114.46,-2697.44,-12826.07,40305.06,GAN
2021-01-01 20:37:00,38114.44,-2697.38,-12826.02,40305.07,GAN
2021-01-01 20:38:00,38114.46,-2697.38,-12826.06,40305.10,GAN
2021-01-01 20:39:00,38114.43,-2697.36,-12826.04,40305.07,GAN
2021-01-01 20:40:00,38114.43,-2697.30,-12826.02,40305.05,GAN
2021-01-01 20:41:00,38114.42,-2697.28,-12826.06,40305.05,GAN
2021-01-01 20:42:00,38114.42,-2697.30,-12826.05,40305.04,GAN
2021-01-01 20:43:00,38114.37,-2697.27,-12826.01,40304.97,GAN
2021-01-01 20:44:00,38114.30,-2697.27,-12826.02,40304.95,GAN
2021-01-01 20:45:00,38114.24,-2697.22,-12825.98,40304.87,GAN
2021-01-01 20:46:00,38114.15,-2697.14,-12825.99,40304.84,GAN
2021-01-01 20:47:00,38114.15,-2697.16,-12826.04,40304.90,GAN
2021-01-01 20:48:00,38114.14,-2697.16,-12826.04,40304.88,GAN
2021-01-01 20:49:00,38114.13,-2697.17,-12826.05,40304.85,GAN
2021-01-01 20:50:00,38114.09,-2697.17,-12826.01,40304.77,GAN
2021-01-01 20:51:00,38114.03,-2697.09,-12826.05,40304.74,GAN
2021-01-01 20:52:00,38113.95,-2697.10,-12826.04,40304.68,GAN
2021-01-01 20:53:00,38113.89,-2697.10,-12826.11,40304.60,GAN
2021-01-01 20:54:00,38113.82,-2697.06,-12826.11,40304.57,GAN
2021-01-01 20:55:00,38113.75,-2697.02,-12826.09,40304.54,GAN
2021-01-01 20:56:00,38113.69,-2697.04,-12826.10,40304.46,GAN
2021-01-01 20:57:00,38113.65,-2697.04,-12826.15,40304.44,GAN
2021-01-01 20:58:00,38113.61,-2697.02,-12826.12,40304.44,GAN
2021-01-01 20:59:00,38113.56,-2697.00,-12826.15,40304.36,GAN
2021-01-01 21:00:00,38113.56,-2697.00,-12826.16,40304.32,GAN
2021-01-01 21:01:00,38113.54,-2697.02,-12826.14,40304.31,GAN
2021-01-01 21:02:00,38113.53,-2697.05,-12826.14,40304.32,GAN
2021-01-01 21:03:00,38113.48,-2697.12,-12826.14,40304.26,GAN
2021-01-01 21:04:00,38113.46,-2697.09,-12826.13,40304.27,GAN
2021-01-01 21:05:00,38113.47,-2697.01,-12826.14,40304.30,GAN
2021-01-01 21:06:00,38113.35,-2697.06,-12826.22,40304.12,GAN
2021-01-01 21:07:00,38113.30,-2697.16,-12826.25,40304.15,GAN
2021-01-01 21:08:00,38113.28,-2697.16,-12826.24,40304.10,GAN
2021-01-01 21:09:00,38113.33,-2697.18,-12826.25,40304.13,GAN
2021-01-01 21:10:00,38113.35,-2697.23,-12826.22,40304.18,GAN
2021-01-01 21:11:00,38113.29,-2697.30,-12826.24,40304.12,GAN
2021-01-01 21:12:00,38113.21,-2697.27,-12826.30,40304.09,GAN
2021-01-01 21:13:00,38113.36,-2697.39,-12826.23,40304.21,GAN
2021-01-01 21:14:00,38113.28,-2697.33,-12826.25,40304.07,GAN
2021-01-01 21:15:00,38113.32,-2697.57,-12826.26,40304.12,GAN
2021-01-01 21:16:00,38113.27,-2697.60,-12826.32,40304.09,GAN
2021-01-01 21:17:00,38113.43,-2697.60,-12826.29,40304.20,GAN
2021-01-01 21:18:00,38113.62,-2697.62,-12826.21,40304.42,GAN
2021-01-01 21:19:00,38114.18,-2697.64,-12825.98,40304.86,GAN
2021-01-01 21:20:00,38113.67,-2697.75,-12826.14,40304.45,GAN
2021-01-01 21:21:00,38114.08,-2697.96,-12825.95,40304.85,GAN
2021-01-01 21:22:00,38114.04,-2697.89,-12825.92,40304.76,GAN
2021-01-01 21:23:00,38114.10,-2697.92,-12825.92,40304.91,GAN
2021-01-01 21:24:00,38113.81,-2697.96,-12826.05,40304.62,GAN
2021-01-01 21:25:00,38113.98,-2698.00,-12826.04,40304.78,GAN
2021-01-01 21:26:00,38114.14,-2698.06,-12825.93,40304.96,GAN
2021-01-01 21:27:00,38113.98,-2697.90,-12826.01,40304.79,GAN
2021-01-01 21:28:00,38114.06,-2698.02,-12825.97,40304.85,GAN
2021-01-01 21:29:00,38114.08,-2698.03,-12825.98,40304.85,GAN
2021-01-01 21:30:00,38114.06,-2698.05,-12825.99,40304.85,GAN
2021-01-01 21:31:00,38113.94,-2698.04,-12826.07,40304.75,GAN
2021-01-01 21:32:00,38113.98,-2698.05,-12826.04,40304.73,GAN
2021-01-01 21:33:00,38113.89,-2698.07,-12826.07,40304.69,GAN
2021-01-01 21:34:00,38113.85,-2698.27,-12826.14,40304.64,GAN
2021-01-01 21:35:00,38113.90,-2698.19,-12826.10,40304.70,GAN
2021-01-01 21:36:00,38114.02,-2698.14,-12826.08,40304.88,GAN
2021-01-01 21:37:00,38113.94,-2698.13,-12826.09,40304.80,GAN
2021-01-01 21:38:00,38114.09,-2698.22,-12826.04,40304.91,GAN
2021-01-01 21:39:00,38114.34,-2698.19,-12825.95,40305.13,GAN
2021-01-01 21:40:00,38113.82,-2698.15,-12826.17,40304.67,GAN
2021-01-01 21:41:00,38114.02,-2698.34,-12826.11,40304.83,GAN
2021-01-01 21:42:00,38114.15,-2698.19,-12826.04,40305.00,GAN
2021-01-01 21:43:00,38114.31,-2698.35,-12825.99,40305.14,GAN
2021-01-01 21:44:00,38114.58,-2698.18,-12825.93,40305.34,GAN
2021-01-01 21:45:00,38114.24,-2698.15,-12825.99,40304.97,GAN
2021-01-01 21:46:00,38114.87,-2698.56,-12825.83,40305.65,GAN
2021-01-01 21:47:00,38115.23,-2698.46,-12825.51,40305.83,GAN
2021-01-01 21:48:00,38114.97,-2698.49,-12825.70,40305.63,GAN
2021-01-01 21:49:00,38115.28,-2698.64,-12825.59,40305.97,GAN
2021-01-01 21:50:00,38115.35,-2698.71,-12825.54,40306.05,GAN
2021-01-01 21:51:00,38115.22,-2698.76,-12825.57,40305.91,GAN
2021-01-01 21:52:00,38115.54,-2698.64,-12825.49,40306.16,GAN
2021-01-01 21:53:00,38115.56,-2698.73,-12825.47,40306.21,GAN
2021-01-01 21:54:00,38115.35,-2698.57,-12825.52,40306.02,GAN
2021-01-01 21:55:00,38115.63,-2698.77,-12825.48,40306.25,GAN
2021-01-01 21:56:00,38115.46,-2698.72,-12825.50,40306.11,GAN
2021-01-01 21:57:00,38115.67,-2698.65,-12825.42,40306.26,GAN
2021-01-01 21:58:00,38115.43,-2698.70,-12825.52,40306.09,GAN
2021-01-01 21:59:00,38115.20,-2698.60,-12825.71,40305.86,GAN
2021-01-01 22:00:00,38116.14,-2698.75,-12825.33,40306.67,GAN
2021-01-01 22:01:00,38115.36,-2698.71,-12825.55,40306.02,GAN
2021-01-01 22:02:00,38115.85,-2699.20,-12825.43,40306.49,GAN
2021-01-01 22:03:00,38116.02,-2699.01,-12825.38,40306.65,GAN
2021-01-01 22:04:00,38116.62,-2699.04,-12825.14,40307.12,GAN
2021-01-01 22:05:00,38116.48,-2699.06,-12825.17,40307.00,GAN
2021-01-01 22:06:00,38116.82,-2698.91,-12825.07,40307.28,GAN
2021-01-01 22:07:00,38117.17,-2699.08,-12824.95,40307.54,GAN
2021-01-01 22:08:00,38117.17,-2698.98,-12824.89,40307.50,GAN
2021-01-01 22:09:00,38117.27,-2699.18,-12824.88,40307.63,GAN
2021-01-01 22:10:00,38117.41,-2699.06,-12824.84,40307.78,GAN
2021-01-01 22:11:00,38117.79,-2699.18,-12824.71,40308.03,GAN
2021-01-01 22:12:00,38117.90,-2699.11,-12824.62,40308.14,GAN
2021-01-01 22:13:00,38118.13,-2699.05,-12824.58,40308.26,GAN
2021-01-01 22:14:00,38118.24,-2699.10,-12824.57,40308.39,GAN
2021-01-01 22:15:00,38118.35,-2699.12,-12824.54,40308.49,GAN
2021-01-01 22:16:00,38118.46,-2699.25,-12824.51,40308.53,GAN
2021-01-01 22:17:00,38118.66,-2699.39,-12824.41,40308.77,GAN
2021-01-01 22:18:00,38118.68,-2699.31,-12824.36,40308.81,GAN
2021-01-01 22:19:00,38118.80,-2699.42,-12824.37,40308.89,GAN
2021-01-01 22:20:00,38119.12,-2699.48,-12824.25,40309.22,GAN
2021-01-01 22:21:00,38119.04,-2699.57,-12824.34,40309.22,GAN
2021-01-01 22:22:00,38119.20,-2699.61,-12824.28,40309.21,GAN
2021-01-01 22:23:00,38119.63,-2699.65,-12824.16,40309.69,GAN
2021-01-01 22:24:00,38119.67,-2699.64,-12824.15,40309.69,GAN
2021-01-01 22:25:00,38119.64,-2699.71,-12824.16,40309.74,GAN
2021-01-01 22:26:00,38120.19,-2699.91,-12824.02,40310.09,GAN
2021-01-01 22:27:00,38120.38,-2699.87,-12823.94,40310.23,GAN
2021-01-01 22:28:00,38120.43,-2700.06,-12823.95,40310.38,GAN
2021-01-01 22:29:00,38121.05,-2700.00,-12823.72,40310.80,GAN
2021-01-01 22:30:00,38120.81,-2700.12,-12823.80,40310.66,GAN
2021-01-01 22:31:00,38121.39,-2700.18,-12823.63,40311.15,GAN
2021-01-01 22:32:00,38121.56,-2700.09,-12823.46,40311.30,GAN
2021-01-01 22:33:00,38121.49,-2700.11,-12823.61,40311.27,GAN
2021-01-01 22:34:00,38121.96,-2700.15,-12823.44,40311.65,GAN
2021-01-01 22:35:00,38121.81,-2700.11,-12823.49,40311.56,GAN
2021-01-01 22:36:00,38121.97,-2700.05,-12823.45,40311.73,GAN
2021-01-01 22:37:00,38122.02,-2699.83,-12823.43,40311.72,GAN
2021-01-01 22:38:00,38121.80,-2699.86,-12823.56,40311.54,GAN
2021-01-01 22:39:00,38122.05,-2699.89,-12823.47,40311.77,GAN
2021-01-01 22:40:00,38121.96,-2699.90,-12823.50,40311.65,GAN
2021-01-01 22:41:00,38121.75,-2699.95,-12823.63,40311.52,GAN
2021-01-01 22:42:00,38122.02,-2699.89,-12823.55,40311.72,GAN
2021-01-01 22:43:00,38121.82,-2699.81,-12823.61,40311.57,GAN
2021-01-01 22:44:00,38121.80,-2699.80,-12823.68,40311.57,GAN
2021-01-01 22:45:00,38121.99,-2699.73,-12823.63,40311.64,GAN
2021-01-01 22:46:00,38122.01,-2699.72,-12823.63,40311.70,GAN
2021-01-01 22:47:00,38122.04,-2699.61,-12823.63,40311.73,GAN
2021-01-01 22:48:00,38122.05,-2699.43,-12823.64,40311.71,GAN
2021-01-01 22:49:00,38121.99,-2699.34,-12823.66,40311.68,GAN
2021-01-01 22:50:00,38121.99,-2699.31,-12823.64,40311.69,GAN
2021-01-01 22:51:00,38121.95,-2699.22,-12823.70,40311.66,GAN
2021-01-01 22:52:00,38121.90,-2699.22,-12823.71,40311.64,GAN
2021-01-01 22:53:00,38121.80,-2699.21,-12823.77,40311.58,GAN
2021-01-01 22:54:00,38121.83,-2699.21,-12823.80,40311.58,GAN
2021-01-01 22:55:00,38121.75,-2699.19,-12823.88,40311.50,GAN
2021-01-01 22:56:00,38121.67,-2699.20,-12823.92,40311.50,GAN
2021-01-01 22:57:00,38121.58,-2699.19,-12823.93,40311.47,GAN
2021-01-01 22:58:00,38121.56,-2699.25,-12823.97,40311.38,GAN
2021-01-01 22:59:00,38121.52,-2699.34,-12824.02,40311.40,GAN
2021-01-01 23:00:00,38121.48,-2699.40,-12824.06,40311.45,GAN
2021-01-01 23:01:00,38121.43,-2699.44,-12824.12,40311.32,GAN
2021-01-01 23:02:00,38121.29,-2699.47,-12824.18,40311.24,GAN
2021-01-01 23:03:00,38121.10,-2699.49,-12824.28,40311.16,GAN
2021-01-01 23:04:00,38121.03,-2699.54,-12824.37,40311.06,GAN
2021-01-01 23:05:00,38120.98,-2699.58,-12824.40,40310.98,GAN
2021-01-01 23:06:00,38120.78,-2699.60,-12824.50,40310.92,GAN
2021-01-01 23:07:00,38120.76,-2699.61,-12824.55,40310.90,GAN
2021-01-01 23:08:00,38120.61,-2699.61,-12824.68,40310.62,GAN
2021-01-01 23:09:00,38120.42,-2699.65,-12824.77,40310.62,GAN
2021-01-01 23:10:00,38120.25,-2699.72,-12824.87,40310.52,GAN
2021-01-01 23:11:00,38120.20,-2699.89,-12824.88,40310.47,GAN
2021-01-01 23:12:00,38120.11,-2699.82,-12824.94,40310.41,GAN
2021-01-01 23:13:00,38120.22,-2699.89,-12825.01,40310.54,GAN
2021-01-01 23:14:00,38120.36,-2700.04,-12824.97,40310.65,GAN
2021-01-01 23:15:00,38120.13,-2700.22,-12825.13,40310.47,GAN
2021-01-01 23:16:00,38120.80,-2700.30,-12824.89,40311.02,GAN
2021-01-01 23:17:00,38120.40,-2700.50,-12825.06,40310.74,GAN
2021-01-01 23:18:00,38121.06,-2700.55,-12824.86,40311.32,GAN
2021-01-01 23:19:00,38120.84,-2700.50,-12824.92,40311.12,GAN
2021-01-01 23:20:00,38120.72,-2700.68,-12825.02,40311.08,GAN
2021-01-01 23:21:00,38121.15,-2700.73,-12824.86,40311.45,GAN
2021-01-01 23:22:00,38121.05,-2700.78,-12824.92,40311.29,GAN
2021-01-01 23:23:00,38121.13,-2700.95,-12824.95,40311.45,GAN
2021-01-01 23:24:00,38121.25,-2700.83,-12824.93,40311.54,GAN
2021-01-01 23:25:00,38121.37,-2700.78,-12824.90,40311.65,GAN
2021-01-01 23:26:00,38121.26,-2700.66,-12824.92,40311.53,GAN
2021-01-01 23:27:00,38121.16,-2700.53,-12825.03,40311.48,GAN
2021-01-01 23:28:00,38121.53,-2700.48,-12824.89,40311.80,GAN
2021-01-01 23:29:00,38121.50,-2700.49,-12824.89,40311.76,GAN
2021-01-01 23:30:00,38121.40,-2700.55,-12825.01,40311.70,GAN
2021-01-01 23:31:00,38121.56,-2700.51,-12824.94,40311.83,GAN
2021-01-01 23:32:00,38121.52,-2700.52,-12824.97,40311.81,GAN
2021-01-01 23:33:00,38121.52,-2700.49,-12824.99,40311.81,GAN
2021-01-01 23:34:00,38121.52,-2700.38,-12824.98,40311.75,GAN
2021-01-01 23:35:00,38121.38,-2700.28,-12825.05,40311.67,GAN
2021-01-01 23:36:00,38121.42,-2700.29,-12825.09,40311.73,GAN
2021-01-01 23:37:00,38121.44,-2700.29,-12825.09,40311.76,GAN
2021-01-01 23:38:00,38121.32,-2700.37,-12825.18,40311.66,GAN
2021-01-01 23:39:00,38121.31,-2700.34,-12825.24,40311.66,GAN
2021-01-01 23:40:00,38121.41,-2700.41,-12825.14,40311.71,GAN
2021-01-01 23:41:00,38121.38,-2700.43,-12825.22,40311.70,GAN
2021-01-01 23:42:00,38121.42,-2700.37,-12825.23,40311.80,GAN
2021-01-01 23:43:00,38121.40,-2700.39,-12825.26,40311.79,GAN
2021-01-01 23:44:00,38121.49,-2700.43,-12825.23,40311.85,GAN
2021-01-01 23:45:00,38121.49,-2700.40,-12825.25,40311.87,GAN
2021-01-01 23:46:00,38121.49,-2700.40,-12825.27,40311.90,GAN
2021-01-01 23:47:00,38121.50,-2700.52,-12825.27,40311.88,GAN
2021-01-01 23:48:00,38121.45,-2700.57,-12825.33,40311.88,GAN
2021-01-01 23:49:00,38121.36,-2700.55,-12825.36,40311.79,GAN
2021-01-01 23:50:00,38121.24,-2700.56,-12825.43,40311.67,GAN
2021-01-01 23:51:00,38121.04,-2700.57,-12825.55,40311.53,GAN
2021-01-01 23:52:00,38121.00,-2700.55,-12825.60,40311.51,GAN
2021-01-01 23:53:00,38120.97,-2700.63,-12825.66,40311.48,GAN
2021-01-01 23:54:00,38120.98,-2700.63,-12825.71,40311.51,GAN
2021-01-01 23:55:00,38120.99,-2700.63,-12825.75,40311.55,GAN
2021-01-01 23:56:00,38120.96,-2700.62,-12825.83,40311.51,GAN
2021-01-01 23:57:00,38120.84,-2700.61,-12825.87,40311.36,GAN
2021-01-01 23:58:00,38120.79,-2700.62,-12825.88,40311.44,GAN
2021-01-01 23:59:00,38120.78,-2700.67,-12825.91,40311.40,GAN
